,lastname,purchase_date,stars,price,favorite_flower,price_isnull,price_z,price_n
0,PERKINS,2017-04-08,5,19.599885954165785,iris,0,-0.3393052891014157,0.338612129462312
1,ROBINSON,2017-01-01,5,37.98390361682093,lilac,0,1.3007715676039273,0.8583053319828741
2,WILLIAMSON,2017-03-20,4,19.339137911467354,carnation,0,-0.36256717005193423,0.33124110818461894
3,ROBINSON,2017-04-12,5,18.140615754070392,lilac,0,-0.4694898508644275,0.29736038473782034
4,RHODES,2017-03-24,1,22.179522083926244,carnation,0,-0.10917052787697352,0.41153521875721966
5,NGUYEN,2017-01-03,3,9.713732775024482,gerbera,0,-1.2212697937314583,0.059142935048214204
6,ROBINSON,2017-08-20,2,18.90743325165465,lilac,0,-0.40108045014570526,0.31903735700693914
7,GRAVES,2017-02-26,5,9.912851749826816,gerbera,0,-1.2035059714649259,0.06477177960202705
8,RODRIQUEZ,2017-01-11,1,20.663897316192106,carnation,0,-0.2443825990696403,0.3686904008389215
9,PERKINS,2017-07-09,5,40.361152734388476,iris,0,1.512850958077197,0.9255071933914115
10,FERGUSON,2017-05-04,2,21.018300051245614,daffodil,0,-0.2127655861630945,0.3787089232175278
11,MAY,2017-06-22,3,9.767947319089958,rose,0,-1.21643320030285,0.060675512450259074
12,MILLER,2017-07-25,3,20.09000453868923,daffodil,0,-0.2955807800050735,0.35246716928438787
13,GREENE,2017-07-27,4,9.321970912000113,rose,0,-1.2562196929687308,0.04806831681423936
14,OBRIEN,2017-02-16,4,40.626161767880845,sunflower,0,1.5364929709725388,0.9329986675533569
15,FREEMAN,2017-02-09,4,10.010868827679804,gerbera,0,-1.1947616619294141,0.06754259988874832
16,RAMOS,2017-09-04,4,21.651084825013534,orchid,0,-0.15631352645688099,0.39659695790179195
17,ROBINSON,2017-05-09,3,9.221863291317748,lilac,0,-1.265150504224124,0.045238399494544064
18,ROBINSON,2017-06-14,2,10.547645329062824,lilac,0,-1.1468747020006338,0.082716600706219
19,RUIZ,2017-07-29,4,20.45178856993353,iris,0,-0.2633052661507398,0.36269435168098024
20,CLARK,2017-01-05,3,,gardenia,1,,
21,HARPER,2017-08-24,2,10.525911853492463,tulip,0,-1.148813591037448,0.08210222251488342
22,PAYNE,2017-01-21,1,19.77178904468374,rose,0,-0.3239694530764463,0.34347161498249484
23,BOYD,2017-07-02,4,40.14728952584128,lilac,0,1.4937717717276584,0.9194615477773417
24,ROBINSON,2017-03-05,5,18.974158454725085,lilac,0,-0.39512775453134613,0.32092359510292134
25,COX,2017-04-03,3,9.272833477585095,carnation,0,-1.260603346773941,0.046679262956514964
26,HALL,2017-04-23,3,22.706567033577024,daffodil,0,-0.06215174013279149,0.4264341207699554
27,RHODES,2017-08-22,4,10.151628870901336,carnation,0,-1.182204162612742,0.07152171038521665
28,REYES,2017-01-18,4,20.54553211658084,rose,0,-0.25494220731654116,0.3653443645816826
29,ROBINSON,2017-04-02,4,20.667826506358047,lilac,0,-0.24403206775624603,0.368801474134113
30,LEWIS,2017-07-28,5,40.13198438479372,gerbera,0,1.4924063679252182,0.9190288905686731
31,GREENE,2017-03-10,1,19.55589961642972,rose,0,-0.3432294027449035,0.3373686906697328
32,TURNER,2017-06-29,5,39.43408162407313,iris,0,1.430144995732689,0.8993000517793375
33,TURNER,2017-02-26,3,39.39570667359536,iris,0,1.4267214857409831,0.8982152398912989
34,VARGAS,2017-03-06,4,19.56203977003917,sunflower,0,-0.3426816267355314,0.3375422651381552
35,PETERS,2017-05-03,4,20.3247234005108,orchid,0,-0.274641016990824,0.35910237815060997
36,FERGUSON,2017-06-21,5,9.848442903013568,daffodil,0,-1.2092520200688754,0.0629510220023959
37,ROGERS,2017-01-30,3,40.36844909592911,gardenia,0,1.5135018818263213,0.9257134524129911
38,ELLIS,2017-05-15,5,18.773684018031272,daisy,0,-0.4130125004022374,0.31525643333552633
39,COLLINS,2017-07-20,4,19.152947057097187,carnation,0,-0.3791776475213408,0.32597772543753684
40,DANIELS,2017-06-21,5,9.957252361084425,rose,0,-1.1995448996098275,0.06602692938929097
41,PETERS,2017-02-01,4,,orchid,1,,
42,ROBINSON,2017-08-11,5,10.106924174878474,lilac,0,-1.1861923625088986,0.07025796450169176
43,MITCHELL,2017-05-29,5,21.054419463146786,lilac,0,-0.2095432975086805,0.37972997384903423
44,ALLEN,2017-02-11,5,40.28623232783156,rose,0,1.5061671511344656,0.9233892871354359
45,CARLSON,2017-05-11,3,21.913345453148214,rose,0,-0.13291670458031996,0.4040107380793008
46,REID,2017-03-25,3,11.346947792036715,jasmine,0,-1.0755672492399664,0.10531188234638474
47,ROBINSON,2017-06-07,5,18.187913343092607,lilac,0,-0.4652703335338457,0.29869742846577474
48,MARTIN,2017-06-23,3,38.97178490612093,lilac,0,1.3889025338314238,0.8862315013527695
49,FOSTER,2017-03-24,2,38.96400336060229,daffodil,0,1.3882083257998223,0.8860115267865268
50,MASON,2017-06-22,3,17.81234717565077,tulip,0,-0.4987753807267735,0.2880806423041348
51,CALDWELL,2017-02-01,5,10.698038212223212,carnation,0,-1.133457836785932,0.08696801954839577
52,AUSTIN,2017-03-17,2,19.657933559091166,jasmine,0,-0.33412674025685685,0.3402530627042116
53,VARGAS,2017-05-22,5,21.367687255211738,sunflower,0,-0.18159601932690436,0.3885856628008293
54,GREEN,2017-02-13,5,,daffodil,1,,
55,BYRD,2017-06-30,5,41.566585818743725,gardenia,0,1.6203901772095861,0.9595832801058725
56,RIVERA,2017-06-30,3,19.475134709216427,daffodil,0,-0.35043460987563607,0.3350855676848036
57,ROSE,2017-05-04,1,19.953792960230306,gardenia,0,-0.30773250121994083,0.348616638201974
58,WOODS,2017-07-12,3,20.300919385649898,sunflower,0,-0.27676462318977463,0.3584294684013424
59,WAGNER,2017-07-17,4,19.05813230832499,iris,0,-0.38763627054864014,0.323297430991579
60,GONZALES,2017-05-09,2,38.550615869457395,lilac,0,1.351329158823418,0.8743255790738328
61,DANIELS,2017-02-07,5,10.392627704199207,rose,0,-1.1607041501433382,0.07833444619620918
62,GOMEZ,2017-01-02,4,19.296580605198766,tulip,0,-0.36636379679455405,0.33003806632558624
63,BARNETT,2017-08-27,4,,gardenia,1,,
64,MONTGOMERY,2017-01-22,5,8.900795479674256,gardenia,0,-1.2937936385472155,0.03616221373792224
65,ROBINSON,2017-06-20,3,39.98301160420699,lilac,0,1.4791161930459997,0.9148176162513743
66,HOLMES,2017-04-05,3,11.137140906561116,rose,0,-1.0942845624823787,0.09938090391585536
67,THOMPSON,2017-05-07,1,9.780662511574203,tulip,0,-1.2152988512555072,0.06103495505002475
68,CASTILLO,2017-02-26,4,9.429211255136568,gardenia,0,-1.2466525565510738,0.05109986728305779
69,DANIELS,2017-07-31,5,38.16063278312035,rose,0,1.3165379479931985,0.8633012446336492
70,ROBINSON,2017-02-06,5,20.66425770975789,lilac,0,-0.24435044760213218,0.3687005887145974
71,CALDWELL,2017-04-21,5,40.81756940071396,carnation,0,1.553568848213673,0.9384095221075269
72,MOORE,2017-05-20,5,19.565067295442024,rose,0,-0.3424115348308443,0.3376278494974173
73,ROBINSON,2017-08-08,5,19.78370082239843,lilac,0,-0.3229067783493779,0.343808346050853
74,RUSSELL,2017-07-26,5,10.599312153256943,carnation,0,-1.1422653960167535,0.08417715725170428
75,STEWART,2017-08-13,2,19.81922256797939,tulip,0,-0.3197378087636135,0.3448125014024653
76,KING,2017-08-20,2,20.240239567057603,rose,0,-0.28217799734815907,0.3567141257688853
77,BROWN,2017-02-12,4,17.685223969794034,daffodil,0,-0.510116309119121,0.28448702815631055
78,WHEELER,2017-02-18,4,39.0900053263572,orchid,0,1.3994492260059723,0.8895734448780261
79,ROBINSON,2017-01-28,5,39.030628694377654,lilac,0,1.3941521118644546,0.8878949417023564
80,STEWART,2017-02-18,3,10.711600171359402,tulip,0,-1.1322479459057664,0.08735139918310189
81,HILL,2017-02-13,4,9.517952448737823,daffodil,0,-1.2387357681464652,0.05360846991521347
82,HOFFMAN,2017-01-30,2,19.669988315777033,sunflower,0,-0.333051310075245,0.34059383560938616
83,BELL,2017-01-11,2,39.62059784772226,gardenia,0,1.4467845000793593,0.9045726323092812
84,JACOBS,2017-02-11,3,20.447331988083103,carnation,0,-0.2637028471848217,0.36256836968201556
85,MURRAY,2017-08-29,3,20.483871667987792,daffodil,0,-0.2604430655384606,0.36360130076472
86,GRAVES,2017-01-07,4,20.680632877909176,gerbera,0,-0.24288958443269906,0.3691634942521416
87,ROBINSON,2017-01-24,5,20.783138135804545,lilac,0,-0.2337448749219855,0.3720611897792219
88,FERGUSON,2017-02-25,2,18.180406884389306,daffodil,0,-0.4659400004924511,0.2984852302599913
89,JACKSON,2017-04-04,2,18.708487234858215,gerbera,0,-0.41882884246499436,0.3134134017597858
90,CARROLL,2017-02-11,5,8.968955605473209,tulip,0,-1.2877129304602086,0.03808901530603747
91,BURKE,2017-08-16,1,39.78046538927822,daffodil,0,1.461046619484136,0.909091887902637
92,DIAZ,2017-03-27,2,10.112087994799793,gardenia,0,-1.1857316872799821,0.07040393923699685
93,FERGUSON,2017-02-21,4,20.245430690242802,daffodil,0,-0.2817148863376836,0.3568608723333359
94,DANIELS,2017-04-28,1,19.433847061784466,rose,0,-0.3541179676847685,0.3339184174942311
95,CHAPMAN,2017-01-26,4,21.94854510220763,gerbera,0,-0.12977646990225133,0.40500578816481325
96,CALDWELL,2017-05-17,3,11.530575746506965,carnation,0,-1.0591854134575422,0.11050281511647224
97,ROBINSON,2017-08-31,1,19.740721609088027,lilac,0,-0.32674104430599654,0.34259337740705803
98,MORGAN,2017-08-20,3,10.609334750394755,tulip,0,-1.1413712590597815,0.08446048354629897
99,ROBINSON,2017-05-26,5,40.575438922550475,lilac,0,1.531967879327225,0.9315647961105415
100,WEBB,2017-07-13,2,8.004355730089456,iris,0,-1.3737669128174723,0.010820982409863844
101,BURKE,2017-08-16,4,18.560260365877358,daffodil,0,-0.43205247300203586,0.30922321343132597
102,HAMILTON,2017-07-14,3,40.617970357166705,lilac,0,1.5357621980053586,0.932767106610297
103,HARPER,2017-04-10,2,21.80685871991968,tulip,0,-0.14241660987409283,0.401000491220699
104,WELCH,2017-01-11,3,20.832149115209614,daisy,0,-0.22937250243400645,0.3734466689118617
105,WAGNER,2017-01-16,3,20.369090538431443,iris,0,-0.2706829313624731,0.3603565816884737
106,BURKE,2017-04-22,5,18.81915130532943,daffodil,0,-0.40895626813553526,0.3165417367212983
107,ROBINSON,2017-08-01,5,40.98228579406936,lilac,0,1.568263543879188,0.9430658486810374
108,ALLEN,2017-07-17,2,19.829455239483146,rose,0,-0.3188249306309044,0.3451017662368289
109,RYAN,2017-09-01,3,20.553662198718552,carnation,0,-0.2542169056005697,0.3655741918425368
110,CARPENTER,2017-04-11,2,9.822113765492556,sunflower,0,-1.2116008977678423,0.06220673019148808
111,CLARK,2017-05-04,4,10.958270141342146,gardenia,0,-1.1102419994126498,0.09432445094024802
112,ROBINSON,2017-01-04,5,19.320615288241104,lilac,0,-0.36421961220230026,0.3307174967760483
113,ROBINSON,2017-07-30,1,12.129372227529846,lilac,0,-1.005765520786465,0.12743004324424806
114,LEWIS,2017-06-09,4,38.43293342156386,gerbera,0,1.3408304602923187,0.8709988433543341
115,GREEN,2017-01-13,3,10.201632012802088,daffodil,0,-1.1777432772231153,0.07293523671158003
116,MCKINNEY,2017-01-28,3,20.242743614707088,gardenia,0,-0.2819546059941381,0.35678491206631513
117,ROBINSON,2017-01-27,5,8.222220629574593,lilac,0,-1.3543307272082814,0.01697975082533647
118,RICHARDS,2017-07-14,3,9.553872150135119,lilac,0,-1.23553129608587,0.054623874980378476
119,HARPER,2017-08-21,5,21.037598973359675,tulip,0,-0.21104388875725885,0.37925447962541925
120,RAMOS,2017-05-26,3,17.6554341093315,orchid,0,-0.5127739251857292,0.28364490603314363
121,ROBINSON,2017-04-12,5,9.302764983103009,lilac,0,-1.2579330942542213,0.047525389208366034
122,NEAL,2017-05-30,5,20.951594519324036,iris,0,-0.21871652687291745,0.37682324120033833
123,MEDINA,2017-01-31,5,21.11362145441848,daffodil,0,-0.20426176343178404,0.3814035401501633
124,WILLIS,2017-06-25,1,22.343949267748798,tulip,0,-0.09450163320176808,0.4161833697386977
125,ROBINSON,2017-03-15,5,11.349250233547508,lilac,0,-1.07536184359333,0.10537696949024615
126,MURRAY,2017-02-18,5,21.74310058470698,daffodil,0,-0.14810460712843942,0.3991981284247397
127,WATTS,2017-08-31,5,21.37626984738797,gardenia,0,-0.18083034823927413,0.38882828195491415
128,WATTS,2017-08-24,2,39.62882165037336,gardenia,0,1.4475181627993197,0.9048051089319147
129,HART,2017-04-08,4,20.937876879939264,gardenia,0,-0.21994030631528041,0.37643546067957784
130,HICKS,2017-04-13,4,18.19812547625326,daisy,0,-0.4643592876698938,0.2989861127068483
131,CHAPMAN,2017-07-02,5,9.723798996287336,gerbera,0,-1.2203717649745986,0.05942749454230127
132,STONE,2017-03-12,4,39.122986373405546,iris,0,1.402391534535396,0.8905057778575497
133,ROBINSON,2017-03-09,4,11.609311591921207,lilac,0,-1.05216122319475,0.11272857906031418
134,JAMES,2017-06-01,2,19.517681086449205,daisy,0,-0.34663895813527235,0.33628830059365333
135,POWELL,2017-01-22,3,39.903788141337344,gardenia,0,1.4720485014050964,0.9125780679715044
136,RICHARDS,2017-02-19,3,39.487050456498025,lilac,0,1.4348704566075035,0.9007974144702245
137,STONE,2017-07-22,4,41.9382701757059,iris,0,1.6535489199305193,0.9700903323368358
138,GONZALEZ,2017-08-14,2,39.966756650724676,gardenia,0,1.477666054479862,0.9143581090322745
139,MILLS,2017-05-24,5,9.97530729279231,rose,0,-1.1979341812028466,0.06653731974317
140,MORRISON,2017-01-02,4,12.030218006803244,gardenia,0,-1.014611277227871,0.1246270773497192
141,ROGERS,2017-03-11,2,10.189389367040652,gardenia,0,-1.1788354693840792,0.07258915241706752
142,MURPHY,2017-03-18,5,9.80803688785054,iris,0,-1.2128567256102103,0.06180879445418019
143,ROBINSON,2017-05-29,1,40.298659647408655,lilac,0,1.5072758184346866,0.923740591927907
144,RHODES,2017-01-07,5,40.1071388249119,carnation,0,1.4901898433057477,0.9183265376434131
145,CARROLL,2017-07-29,3,,tulip,1,,
146,KELLY,2017-06-04,4,9.474149144879881,daisy,0,-1.2426435529529702,0.052370205261608516
147,SNYDER,2017-08-04,5,18.87760377038128,sunflower,0,-0.4037416008681262,0.31819411485296895
148,REYNOLDS,2017-04-25,3,41.478611368512695,gardenia,0,1.6125417915926388,0.9570963523504981
149,MASON,2017-07-02,5,19.917732858165586,tulip,0,-0.31094949871918276,0.3475972641854172
150,ROBINSON,2017-01-03,5,38.822663729629475,lilac,0,1.3755991202416338,0.8820160320687128
151,ORTIZ,2017-04-21,5,20.086883660435266,carnation,0,-0.2958592001138246,0.35237894595669966
152,ROBINSON,2017-05-25,4,20.126000825035838,lilac,0,-0.2923694756401773,0.3534847393103522
153,JORDAN,2017-01-06,4,9.31625019561859,carnation,0,-1.2567300501013925,0.04790659931202738
154,PENA,2017-06-28,3,38.96750341167785,lilac,0,1.3885205727129646,0.886110468855982
155,BURKE,2017-08-28,3,20.3814551149799,daffodil,0,-0.26957986149971513,0.36070611281394316
156,EVANS,2017-03-24,5,21.01209053615984,daisy,0,-0.21331955005555908,0.37853338798685937
157,RICE,2017-01-07,3,19.294549835928294,gerbera,0,-0.3665449659896085,0.32998065901641593
158,BATES,2017-01-02,5,40.28037631562681,daisy,0,1.505644723977038,0.9232237449893973
159,HOPKINS,2017-08-31,2,11.044370176450023,tulip,0,-1.1025608343086366,0.09675839132278152
160,PETERS,2017-05-21,5,20.379008951214235,orchid,0,-0.26979808891079554,0.36063696282156416
161,PERKINS,2017-05-19,4,9.854839924071136,iris,0,-1.208681328374552,0.06313185779253726
162,BROWN,2017-05-22,3,8.21143593021903,daffodil,0,-1.3552928529059471,0.016674880853540304
163,REED,2017-04-22,4,18.842673863432275,gerbera,0,-0.4068577712855595,0.31720669003978735
164,MILES,2017-03-17,5,10.588153375177605,daisy,0,-1.1432608940636364,0.0838617125419199
165,CARTER,2017-07-03,5,41.748071306857355,jasmine,0,1.6365808790651264,0.9647136480297661
166,ROBINSON,2017-08-15,3,38.48833706375374,lilac,0,1.345773135663948,0.8725650350741914
167,RODRIQUEZ,2017-08-20,3,19.092672690713986,carnation,0,-0.3845548504359397,0.3242738444322866
168,BENNETT,2017-07-22,5,20.293769858556022,rose,0,-0.2774024475292754,0.35822736020605533
169,RIVERA,2017-08-20,5,41.03370297862357,daffodil,0,1.5728505789860794,0.9445193482259083
170,ROSE,2017-08-06,3,18.857847692157772,gardenia,0,-0.4055040821313735,0.31763563521322846
171,CALDWELL,2017-01-10,5,20.656427078954547,carnation,0,-0.24504903463515365,0.3684792265687041
172,SILVA,2017-02-04,1,18.701793067714103,lilac,0,-0.41942604318626414,0.31322416602115843
173,PENA,2017-08-17,5,39.68980060499553,lilac,0,1.452958223511678,0.9065289077660686
174,RAMIREZ,2017-07-12,3,20.27861583111815,lilac,0,-0.2787543701689724,0.35779897479026723
175,PALMER,2017-02-02,5,40.664898805109615,gardenia,0,1.539948783484365,0.9340937151813012
176,MURRAY,2017-06-15,5,11.087979152767431,daffodil,0,-1.098670385870476,0.097991162579691
177,ROBINSON,2017-05-28,5,19.386763367189875,lilac,0,-0.35831840304388124,0.33258742029441507
178,LAWRENCE,2017-06-15,2,41.20332944736875,daffodil,0,1.5879833127975111,0.9493144764939534
179,THOMPSON,2017-05-07,5,39.681435096541335,tulip,0,1.4522119189191747,0.9062924252974891
180,BREWER,2017-04-22,4,19.779140057267774,carnation,0,-0.32331365379286986,0.3436794189207671
181,CARLSON,2017-02-06,5,42.99631722334263,rose,0,1.7479395209393191,1.0
182,BANKS,2017-06-28,1,40.860786261563156,orchid,0,1.5574243152067344,0.9396312087502258
183,MCDONALD,2017-01-10,4,22.2870250314345,tulip,0,-0.09957996397134496,0.4145741927234194
184,MORGAN,2017-04-15,5,10.694375864487824,tulip,0,-1.1337845625252254,0.08686448955520969
185,ROBINSON,2017-03-31,4,39.75823671114292,lilac,0,1.4590635523856468,0.908463510953707
186,LEE,2017-07-25,5,,daffodil,1,,
187,ROBINSON,2017-02-15,5,39.14421579187788,lilac,0,1.4042854555790272,0.8911059069847073
188,HALE,2017-05-19,1,19.988894114181647,rose,0,-0.30460105349748845,0.3496089039538829
189,WALKER,2017-02-23,2,19.837934302549293,gardenia,0,-0.3180684955927907,0.34534145875236494
190,POWELL,2017-07-04,4,20.11682517476823,gardenia,0,-0.29318805468667675,0.35322535514524295
191,ROBINSON,2017-05-18,5,40.102380890832826,lilac,0,1.4897653780059417,0.9181920367935821
192,STEWART,2017-07-19,4,19.722273447270336,tulip,0,-0.32838684359759607,0.3420718709294436
193,HALE,2017-08-23,5,8.280981607273578,rose,0,-1.3490885368791645,0.018640850223954765
194,MCCOY,2017-02-08,3,,sunflower,1,,
195,DANIELS,2017-01-25,5,21.389024174523165,rose,0,-0.17969250790746383,0.3891888308423507
196,RICHARDS,2017-05-17,3,19.57973623277747,lilac,0,-0.34110288809878647,0.3380425220222875
197,DANIELS,2017-01-30,4,21.799445538468248,rose,0,-0.14307795537300141,0.4007909298462456
198,MARSHALL,2017-04-26,5,21.81062802853089,carnation,0,-0.14208034193024832,0.4011070448641621
199,CARROLL,2017-06-07,4,20.05042767333889,tulip,0,-0.29911151534884367,0.3513483807650849
200,DANIELS,2017-01-16,4,19.246844681260324,rose,0,-0.37080084310810263,0.32863209391704173
201,OBRIEN,2017-06-26,2,10.284604305977787,sunflower,0,-1.1703411445510137,0.07528075973882054
202,KING,2017-01-04,3,38.50324227180895,rose,0,1.3471028606035291,0.8729863866770123
203,GRIFFIN,2017-09-03,4,,iris,1,,
204,GARDNER,2017-01-21,2,10.761735089281368,gardenia,0,-1.1277753045003096,0.088768650652888
205,GORDON,2017-09-04,5,20.675018919564764,rose,0,-0.24339041745647721,0.36900479466620995
206,ROBINSON,2017-03-22,5,39.90696491131651,lilac,0,1.4723319077321304,0.9126678712884092
207,MORALES,2017-01-01,5,19.17431665429791,jasmine,0,-0.377271220838711,0.326581817242147
208,DAVIDSON,2017-01-14,5,21.534000947514254,sunflower,0,-0.16675882526498484,0.3932871430192306
209,ROBINSON,2017-05-07,5,10.694869109753043,lilac,0,-1.1337405590783725,0.0868784329823872
210,ROBINSON,2017-04-18,5,21.09204467832951,lilac,0,-0.20618667297849966,0.38079359165731974
211,MOORE,2017-02-07,5,18.941808538310724,rose,0,-0.39801375857035026,0.3200091033976178
212,CLARK,2017-03-10,3,,gardenia,1,,
213,MORALES,2017-03-23,4,11.051502932117154,jasmine,0,-1.1019245061833673,0.09696002541079582
214,MAY,2017-05-31,3,9.125438981046608,rose,0,-1.273752719615851,0.04251260475668112
215,ROBINSON,2017-08-16,2,20.975911014938106,lilac,0,-0.21654720118880294,0.3775106381399868
216,HARPER,2017-06-02,4,18.881858590903775,tulip,0,-0.4033620193861876,0.3183143933113593
217,CARLSON,2017-03-28,5,18.631115594466323,rose,0,-0.42573132913034617,0.31122620218690833
218,WOOD,2017-08-11,3,9.541772756962937,sunflower,0,-1.2366107083822464,0.05428184025752353
219,GONZALES,2017-04-06,2,9.795142790517158,lilac,0,-1.2140070351351813,0.06144429443792916
220,DUNN,2017-05-12,5,40.631676883609146,daffodil,0,1.536984986038778,0.933154572982067
221,PALMER,2017-08-27,3,18.297787337627767,gardenia,0,-0.45546824353928794,0.30180342896803153
222,RICE,2017-02-12,4,19.802920158367574,gerbera,0,-0.321192180990811,0.34435165265789636
223,CALDWELL,2017-08-12,3,19.617544468767367,carnation,0,-0.33772993589770994,0.3391113136000478
224,ROBINSON,2017-06-21,5,20.016600045283862,lilac,0,-0.30212934914928596,0.35039211599858044
225,ROSE,2017-02-24,4,19.149593181101167,gardenia,0,-0.37947685384839436,0.3258829155548871
226,MILLER,2017-05-21,3,20.674838848471875,daffodil,0,-0.2434064819771618,0.36899970428147133
227,WOODS,2017-05-19,3,20.096969920351576,sunflower,0,-0.29495938366657115,0.3526640719184751
228,DIXON,2017-05-18,3,40.031487535652396,gerbera,0,1.4834408327808897,0.9161879702469106
229,JOHNSTON,2017-05-14,5,10.779947755594964,orchid,0,-1.126150514257614,0.08928349996692986
230,WEAVER,2017-08-24,1,21.47187976673855,sunflower,0,-0.1723007863733233,0.39153105487929885
231,MCKINNEY,2017-01-22,5,18.649521543554144,gardenia,0,-0.4240892957251045,0.3117465153634079
232,ROBINSON,2017-02-17,5,21.37707319681946,lilac,0,-0.18075867974794593,0.3888509916392962
233,ROBINSON,2017-06-01,5,19.726581347603027,lilac,0,-0.32800252675422226,0.3421936498877277
234,ROBINSON,2017-07-10,1,39.77227475155691,lilac,0,1.4603159154772707,0.9088603488111183
235,BERRY,2017-08-30,4,39.27870401614798,iris,0,1.4162834327444234,0.8949077209980938
236,HOLMES,2017-08-02,3,19.18441024580818,rose,0,-0.3763707503245503,0.32686715045892056
237,HOFFMAN,2017-01-16,2,38.77006384766891,sunflower,0,1.370906574213232,0.8805290991463288
238,HUNTER,2017-04-02,2,11.278832725496676,rose,0,-1.0816439374957765,0.10338635454720278
239,FERNANDEZ,2017-01-16,1,41.586327594491856,carnation,0,1.6221513825189426,0.9601413554325096
240,GARDNER,2017-02-03,3,20.021240716697804,gardenia,0,-0.30171534509830855,0.350523301979426
241,ROBINSON,2017-02-13,5,9.677565744517377,lilac,0,-1.2244963305417962,0.058120538298232965
242,HOFFMAN,2017-04-05,4,17.742611132362214,sunflower,0,-0.5049966797254194,0.28610929151820935
243,PRICE,2017-04-25,4,10.268818522654307,daisy,0,-1.1717494274611415,0.07483451537373052
244,CURTIS,2017-04-21,3,40.86943983404197,sunflower,0,1.55819631859635,0.9398758344287517
245,ROBINSON,2017-01-14,5,39.66748966091856,lilac,0,1.450967817295619,0.9058982052617858
246,REYES,2017-01-30,4,20.3532827591497,rose,0,-0.2720931765782705,0.3599097155251347
247,ROBINSON,2017-03-23,5,11.356416090193058,lilac,0,-1.0747225624602017,0.10557953930154991
248,NEWMAN,2017-03-23,4,9.730491220633807,gerbera,0,-1.21977473757439,0.05961667536046752
249,CHAMBERS,2017-04-15,4,9.780960528126,gerbera,0,-1.215272264572526,0.06104337960547555
250,MITCHELL,2017-06-20,1,40.78253914408094,lilac,0,1.550443725390006,0.937419260534198
251,HARRISON,2017-05-21,1,21.797325353938312,orchid,0,-0.14326710149129285,0.40073099487944364
252,HORTON,2017-01-02,1,19.37689141500159,tulip,0,-0.35919910064826815,0.3323083525442638
253,PAYNE,2017-01-30,4,21.822358317118322,rose,0,-0.14103385822969117,0.4014386454617223
254,HALE,2017-07-12,4,39.59806030259527,rose,0,1.4447738783073398,0.9039355240765259
255,KELLY,2017-02-28,4,19.806344377735158,daisy,0,-0.32088669918372664,0.34444845105974337
256,ROBINSON,2017-06-21,5,40.60477811396738,lilac,0,1.5345852902610195,0.932394178383046
257,DANIELS,2017-03-02,1,9.897293546703857,rose,0,-1.2048939514670185,0.0643319686447704
258,ROBINSON,2017-07-24,5,40.4600184870818,lilac,0,1.5216709796790284,0.9283020046551741
259,PAYNE,2017-02-19,5,38.52928460274713,rose,0,1.3494261516844084,0.8737225708242815
260,ROBINSON,2017-08-29,4,9.930922200779158,lilac,0,-1.2018938685535274,0.06528260866555054
261,ELLIS,2017-05-09,3,39.882251242350634,daisy,0,1.4701271493784902,0.9119692467545023
262,ROBINSON,2017-07-06,5,19.51073934633442,lilac,0,-0.34725824536162475,0.33609206627656796
263,KING,2017-02-18,5,39.91810180808753,rose,0,1.4733254537015064,0.9129826974409553
264,ROBINSON,2017-04-01,5,40.351683462996135,lilac,0,1.5120061844730033,0.925239508924081
265,HOWELL,2017-02-23,1,19.67643972402356,lilac,0,-0.3324757663854791,0.34077620885738497
266,OWENS,2017-05-26,1,18.921782993201532,iris,0,-0.39980027954085673,0.3194430062658055
267,RICHARDS,2017-07-13,3,21.574654665586767,lilac,0,-0.163132021626453,0.3944363728191122
268,HOLT,2017-03-24,3,20.54836673713625,gerbera,0,-0.2546893248587577,0.3654244957620047
269,RAMOS,2017-01-10,3,39.49381580959066,orchid,0,1.435474007976865,0.9009886625466466
270,CARLSON,2017-01-12,2,40.531970303025325,rose,0,1.528089952413515,0.9303359925647278
271,LEWIS,2017-06-23,2,20.65649047587376,gerbera,0,-0.2450433788627379,0.3684810187203752
272,WOOD,2017-08-13,1,20.481757984540366,sunflower,0,-0.2606316316815169,0.3635415495753954
273,WILLIAMS,2017-01-23,5,39.408724920293885,daffodil,0,1.4278828708917652,0.8985832494549375
274,WATSON,2017-01-27,4,19.102188454141096,iris,0,-0.38370592917960356,0.3245428431713331
275,WHEELER,2017-05-11,4,20.72766772607169,orchid,0,-0.2386935067664612,0.3704931106243724
276,SANDERS,2017-08-03,4,37.98649546462559,daffodil,0,1.3010027917943368,0.8583786002809559
277,BAILEY,2017-02-16,2,41.2548545565496,rose,0,1.5925799760871897,0.9507710269331325
278,RUSSELL,2017-08-03,5,10.192468855041623,carnation,0,-1.178560741786795,0.07267620569403424
279,ALVAREZ,2017-01-17,3,20.676234877093503,orchid,0,-0.2432819393295402,0.3690391682658134
280,SUTTON,2017-05-20,5,21.15361232368516,jasmine,0,-0.2006940939284501,0.3825340320427489
281,ORTIZ,2017-04-23,1,20.526898428740118,carnation,0,-0.25660455777460894,0.3648176135152721
282,HALE,2017-02-28,3,9.673019840479569,rose,0,-1.224901880195959,0.057992031272668096
283,GOMEZ,2017-06-08,4,10.871320599788058,tulip,0,-1.117998950772291,0.09186649607221445
284,BARNETT,2017-04-25,5,18.77707366655584,gardenia,0,-0.41271010273272246,0.3153522544628488
285,SPENCER,2017-08-16,2,17.888932526611647,orchid,0,-0.4919430405942495,0.29024561445752156
286,HUNTER,2017-05-16,5,40.21034396525123,rose,0,1.4993969908003564,0.9212440179724536
287,CALDWELL,2017-05-06,3,38.86768017281468,carnation,0,1.3796151317573986,0.8832885906548879
288,MORRIS,2017-03-21,2,10.698465189482716,rose,0,-1.1334197452471562,0.08698008966187515
289,CALDWELL,2017-07-17,1,19.26228914944807,carnation,0,-0.3694230096386376,0.32906868972982867
290,ORTIZ,2017-06-05,4,21.11403903915744,carnation,0,-0.20422450981950807,0.3814153447488259
291,MILLS,2017-07-28,4,38.391366967748795,rose,0,1.3371222295797316,0.8698238116557704
292,JOHNSON,2017-08-29,5,21.175807885142245,daisy,0,-0.19871398123843165,0.3831614728245757
293,BLACK,2017-04-12,4,39.801426209206745,tulip,0,1.4629165782871116,0.9096844240846621
294,BYRD,2017-02-01,4,39.13908700399853,gardenia,0,1.4038279056322078,0.8909609225614447
295,HOLLAND,2017-07-09,4,41.2368671997801,jasmine,0,1.5909752861824966,0.9502625468383047
296,BECK,2017-05-01,5,11.44543935150865,orchid,0,-1.0667806102019244,0.10809611563545467
297,CALDWELL,2017-04-05,5,40.09155124945796,carnation,0,1.4887992429362706,0.9178858963670697
298,ROBINSON,2017-01-07,5,10.598514558605297,lilac,0,-1.142336551112076,0.0841546102477559
299,ROBINSON,2017-02-18,2,8.999600808313337,lilac,0,-1.2849790075022671,0.03895531688919089
300,TURNER,2017-08-17,2,18.771464764199738,iris,0,-0.4132104847011563,0.3151936978033875
301,CRAIG,2017-08-25,3,40.90236745302462,gardenia,0,1.5611338606957332,0.9408066570636336
302,BROOKS,2017-05-04,5,20.68471451687745,rose,0,-0.24252545284121949,0.3692788770844408
303,SANDERS,2017-08-18,2,20.710239352872573,daffodil,0,-0.24024832857192321,0.3700004322964478
304,MYERS,2017-07-16,4,39.686571834379905,gerbera,0,1.4526701780985658,0.9064376344561628
305,NGUYEN,2017-07-18,4,20.954869572879133,gerbera,0,-0.218424352461494,0.3769158228710975
306,ROBINSON,2017-01-09,5,17.912178362441317,lilac,0,-0.4898692307199009,0.29090274518320236
307,SNYDER,2017-05-10,3,41.72214009489744,sunflower,0,1.6342675011418573,0.9639806050771332
308,ROBINSON,2017-02-18,5,39.33357524444564,lilac,0,1.4211786103536577,0.8964588620426424
309,PRICE,2017-08-16,1,19.308156856700386,daisy,0,-0.36533105506618996,0.3303653124872499
310,ROBINSON,2017-08-17,5,10.173784126307721,lilac,0,-1.180227645710225,0.07214801176536571
311,ROBINSON,2017-01-01,3,10.067076142225387,lilac,0,-1.1897472892577086,0.0691315104216517
312,ELLIS,2017-03-09,5,39.85628633906411,daisy,0,1.4678107657811594,0.9112352513901746
313,BAILEY,2017-04-14,4,20.109265894612427,rose,0,-0.2938624339580843,0.35301166374301485
314,ROBINSON,2017-08-02,5,20.758678000620986,lilac,0,-0.23592701499400753,0.37136973232846826
315,JACOBS,2017-04-11,5,40.50453657958106,carnation,0,1.5256425322826261,0.9295604754903085
316,WELCH,2017-04-05,1,9.179863659357514,daisy,0,-1.2688973796695304,0.04405112239121329
317,STEVENS,2017-07-18,3,18.50814774104428,jasmine,0,-0.4367015497979378,0.30775005465895
318,ROBINSON,2017-06-13,3,38.02200926366295,lilac,0,1.304171052452244,0.8593825309937124
319,ROBERTS,2017-06-13,4,19.046088328689763,tulip,0,-0.38871073928691224,0.32295696274015656
320,ROBINSON,2017-03-21,5,39.348512814940975,lilac,0,1.422511222414544,0.8968811284911982
321,JACOBS,2017-08-30,4,9.543406771178958,carnation,0,-1.2364649345395315,0.05432803179717883
322,HOLMES,2017-01-20,4,8.279197859697513,rose,0,-1.3492476687496506,0.01859042590935152
323,BELL,2017-06-29,1,41.23647533464644,gardenia,0,1.5909403270702691,0.950251469300739
324,CASTRO,2017-05-10,5,20.591347711596416,gardenia,0,-0.2508549017862669,0.36663951419130236
325,ROBINSON,2017-02-04,5,39.99420057247508,lilac,0,1.4801143844230769,0.9151339144000622
326,JACOBS,2017-01-31,5,39.900505874740205,carnation,0,1.4717556835030312,0.9124852823970617
327,RICHARDSON,2017-05-23,5,10.22015816330958,jasmine,0,-1.1760905203965757,0.07345894783198297
328,MURRAY,2017-07-15,5,38.82765668651721,daffodil,0,1.3760445524201903,0.8821571767196074
329,WHEELER,2017-04-07,3,38.646486481020936,orchid,0,1.3598819775896311,0.8770357214412583
330,DAY,2017-03-06,3,39.1842697344616,orchid,0,1.407858751985547,0.8922381818811349
331,SHELTON,2017-04-06,5,19.7635281206912,rose,0,-0.3247064274693012,0.34323808898593405
332,STEWART,2017-05-09,3,9.335130508576274,tulip,0,-1.2550456976982638,0.0484403221622562
333,CARPENTER,2017-05-18,3,20.381930676329095,sunflower,0,-0.26953743567218,0.36071955633891645
334,RAMOS,2017-02-20,5,39.480313102274344,orchid,0,1.4342694030760912,0.900606957886834
335,ROBINSON,2017-03-08,3,19.0691775358897,lilac,0,-0.3866509025818368,0.32360966577023315
336,CARLSON,2017-08-21,4,20.28944745205815,rose,0,-0.2777880584981354,0.35810517117661167
337,HOLLAND,2017-07-02,4,38.482383647280614,jasmine,0,1.3452420188670067,0.8723967394312242
338,ROBINSON,2017-04-30,5,8.183829724414426,lilac,0,-1.357755660550739,0.01589448791836705
339,DOUGLAS,2017-05-22,3,39.54682302212871,daisy,0,1.440202892822245,0.9024871101953643
340,MILLER,2017-07-28,5,10.738168610361958,daffodil,0,-1.1298777196186476,0.08810245574780802
341,BUTLER,2017-04-22,2,39.64074765327229,tulip,0,1.448582106584974,0.9051422421284523
342,ROBINSON,2017-08-11,5,20.69936422043128,lilac,0,-0.24121852199524657,0.3696930058943436
343,DANIELS,2017-04-16,4,19.957283291012963,rose,0,-0.3074211214745596,0.3487153054908975
344,BROWN,2017-05-15,5,20.55577892993331,daffodil,0,-0.25402806755978363,0.3656340291884347
345,HARPER,2017-04-01,3,18.843900147503373,tulip,0,-0.4067483719060735,0.31724135555783695
346,CASTILLO,2017-01-07,2,40.07595619706157,gardenia,0,1.4874079755330427,0.9174450437269085
347,ROBINSON,2017-01-09,4,19.96322267974549,lilac,0,-0.30689125612184187,0.3488832045871702
348,ROBINSON,2017-04-08,5,41.930437740985646,lilac,0,1.6528501719662785,0.9698689191964659
349,GRAY,2017-04-08,3,19.719347023936592,gerbera,0,-0.3286479159741933,0.34198914459931534
350,HUNTER,2017-07-09,1,21.353694767679368,rose,0,-0.18284431855021263,0.38819011266644826
351,ROBINSON,2017-08-01,5,40.2864121749988,lilac,0,1.5061831956782723,0.9233943711900763
352,ORTIZ,2017-06-29,1,19.91593360487598,carnation,0,-0.3111100138869649,0.3475464015436716
353,RAY,2017-05-31,5,40.23100153938566,jasmine,0,1.5012398964086544,0.9218279817748838
354,HUNTER,2017-07-04,2,8.86021906643558,rose,0,-1.2974135456590354,0.035015169249075724
355,BANKS,2017-02-18,5,21.126801075458566,orchid,0,-0.2030859817368013,0.3817761115647482
356,GRAY,2017-08-12,5,19.363362609116106,gerbera,0,-0.3604060338572541,0.3319259101105193
357,ROBINSON,2017-01-31,5,7.839895366820081,lilac,0,-1.388438767500868,0.0061718934868926776
358,FLEMING,2017-01-30,4,39.02908692260839,sunflower,0,1.3940145671642978,0.8878513577413841
359,SOTO,2017-01-31,5,19.65639643928566,lilac,0,-0.3342638699455491,0.34020961024844054
360,JIMENEZ,2017-04-21,3,,tulip,1,,
361,HARPER,2017-01-01,4,20.613118798131897,tulip,0,-0.24891265739620064,0.36725495559761473
362,HAMILTON,2017-03-17,5,21.149976386535844,lilac,0,-0.20101846352384822,0.38243124864382244
363,ROBINSON,2017-03-18,5,20.84993028443976,lilac,0,-0.22778620695308086,0.3739493203426502
364,ORTIZ,2017-03-16,1,20.41784456159898,carnation,0,-0.26633348248053573,0.36173479698942873
365,MCCOY,2017-08-02,5,20.723903886362148,sunflower,0,-0.23902928681809313,0.37038671157992414
366,RICHARDS,2017-06-15,2,19.44999025292047,lilac,0,-0.3526777996724568,0.33437476533148397
367,HUDSON,2017-06-14,5,,gardenia,1,,
368,COLEMAN,2017-05-21,4,19.410005368504624,tulip,0,-0.35624493525466844,0.3332444426231515
369,ROBINSON,2017-05-17,1,9.279992480738544,lilac,0,-1.2599646770552482,0.04688163902816269
370,DANIELS,2017-05-30,3,40.001465136878316,rose,0,1.4807624714827405,0.9153392745563084
371,WARD,2017-02-25,5,39.774516037303144,gerbera,0,1.4605158652896089,0.9089237071579497
372,ROBINSON,2017-01-16,3,38.373678788544346,lilac,0,1.3355442299344527,0.8693237889367871
373,LYNCH,2017-06-18,4,20.425355750619282,daisy,0,-0.2656633935204081,0.36194712891536174
374,ROBINSON,2017-01-04,5,9.862996814543571,lilac,0,-1.2079536350306919,0.06336244289150833
375,HAYES,2017-08-27,1,19.09290703552334,jasmine,0,-0.38453394404293234,0.324280469067157
376,ROBINSON,2017-02-27,4,20.056004812357987,lilac,0,-0.29861396705446686,0.3515060395147076
377,RUIZ,2017-04-01,1,40.893746108756964,iris,0,1.5603647324525751,0.9405629424363576
378,LYNCH,2017-05-25,5,20.117977455996797,daisy,0,-0.2930852572563181,0.35325792869542477
379,MORRISON,2017-05-27,5,9.32704833536355,gardenia,0,-1.2557667253583384,0.04821184922683367
380,LUCAS,2017-02-16,5,20.129498799289202,carnation,0,-0.29205741400470864,0.35358362267063953
381,BROWN,2017-01-05,2,17.594668733256434,daffodil,0,-0.5181949321069835,0.2819271447975804
382,LITTLE,2017-07-17,4,,gardenia,1,,
383,ROBINSON,2017-02-04,2,20.220777489796127,lilac,0,-0.2839142501676284,0.35616395716889176
384,ROBINSON,2017-06-10,5,20.412006074697267,lilac,0,-0.266854346168843,0.3615697502618035
385,FERGUSON,2017-02-27,3,11.385748884397252,daffodil,0,-1.0721057222351988,0.10640874073284644
386,GONZALES,2017-06-30,4,10.225101213692009,lilac,0,-1.175649540482255,0.07359868168834685
387,MORALES,2017-07-25,5,19.366468184314545,jasmine,0,-0.3601289789662514,0.332013700839954
388,BARNETT,2017-02-25,2,20.78949787856871,gardenia,0,-0.23317750890257105,0.3722409717586001
389,HERRERA,2017-06-07,4,11.12881029492998,rose,0,-1.0950277538559479,0.09914540793684884
390,MCKINNEY,2017-05-10,3,20.853671744538666,gardenia,0,-0.22745242343355318,0.3740550867434763
391,ROBINSON,2017-02-09,4,17.386108580604482,lilac,0,-0.5368010216937141,0.2760314099457778
392,HUNTER,2017-02-11,4,41.20688500025086,rose,0,1.5883005111434734,0.949414987530112
393,SHAW,2017-06-11,3,11.086556982123152,sunflower,0,-1.098797260702886,0.09795095959304148
394,FERNANDEZ,2017-08-09,2,18.977940203605705,carnation,0,-0.3947903767649194,0.3210305004172526
395,BURKE,2017-05-11,2,39.669468930733316,daffodil,0,1.451144392115983,0.9059541567457082
396,ORTIZ,2017-07-16,1,41.96023315124583,carnation,0,1.6555082831420003,0.9707111982054762
397,MORGAN,2017-06-06,3,9.347733091904855,tulip,0,-1.2539213947503889,0.048796581441932975
398,DANIELS,2017-04-17,5,19.93977150323613,rose,0,-0.3089833848698272,0.34822026913711457
399,HALE,2017-06-27,3,40.085951137920325,rose,0,1.4882996452152297,0.9177275882130597
400,RICHARDSON,2017-08-05,5,38.66781017118827,jasmine,0,1.361784308809321,0.8776385155114104
401,BELL,2017-06-07,3,19.04051901684216,gardenia,0,-0.3892075893028683,0.32279952525488936
402,JOHNSTON,2017-02-11,5,19.18362579530438,orchid,0,-0.3764407328028161,0.3268449750236039
403,GONZALES,2017-04-20,5,40.08323132732283,lilac,0,1.4880570051951085,0.9176507025667554
404,GARCIA,2017-01-05,2,40.60410439632272,tulip,0,1.5345251864938652,0.9323751332272605
405,FOX,2017-03-25,2,39.6234984907033,gerbera,0,1.4470432725365046,0.9046546298610594
406,GREENE,2017-04-12,4,41.09140945951411,rose,0,1.5779986954384877,0.9461506383176882
407,ROBINSON,2017-07-01,5,19.42861801292566,lilac,0,-0.3545844621243016,0.33377059881838805
408,ROBINSON,2017-07-01,3,19.936792871474896,lilac,0,-0.30924911486997675,0.34813606693999255
409,ROBINSON,2017-01-21,5,19.608366318928322,lilac,0,-0.3385487379362311,0.33885185877517804
410,ROBINSON,2017-05-03,4,9.941338731217185,lilac,0,-1.2009645879788422,0.06557707096219464
411,ROBINSON,2017-07-02,5,20.72017968607647,lilac,0,-0.23936153055340476,0.3702814330924462
412,CRAWFORD,2017-01-17,5,20.713765333460838,carnation,0,-0.23993376843245207,0.3701001073608198
413,ROBINSON,2017-07-12,5,19.135496246930515,lilac,0,-0.38073447097583824,0.3254844128445818
414,GOMEZ,2017-03-23,1,39.67611183611072,tulip,0,1.4517370196672987,0.906141943378259
415,WARD,2017-07-20,3,40.67193588314544,gerbera,0,1.5405765760070422,0.9342926445822587
416,DUNN,2017-04-18,1,19.69688214445536,daffodil,0,-0.33065205509122053,0.3413540905335462
417,JOHNSTON,2017-07-12,5,19.204785889459508,orchid,0,-0.37455299632723443,0.32744314443895717
418,GREEN,2017-01-15,3,20.950466764544608,daffodil,0,-0.21881713624719676,0.3767913609822199
419,ROGERS,2017-06-20,2,40.73186622156254,gardenia,0,1.5459230874636798,0.9359868003468822
420,LARSON,2017-09-04,4,21.069429306746372,tulip,0,-0.2082042378122544,0.3801542833679185
421,ALLEN,2017-07-01,4,19.858291576978107,rose,0,-0.31625238035242514,0.3459169334574394
422,HORTON,2017-07-18,1,39.322336911420386,tulip,0,1.4201760150428344,0.8961411684139666
423,WHITE,2017-08-14,1,17.85213873107417,gardenia,0,-0.4952254924303325,0.28920549984347826
424,ROBINSON,2017-01-12,1,39.575926556180896,lilac,0,1.4427992802672094,0.9033098307286985
425,CARROLL,2017-02-15,5,18.556155868260433,tulip,0,-0.4324186438616079,0.30910718441359875
426,WILLIAMS,2017-03-25,3,39.123158174519205,daffodil,0,1.402406861273851,0.8905106344603115
427,GUTIERREZ,2017-03-20,3,38.705259188525204,gerbera,0,1.3651252143593318,0.8786971524268118
428,ROBINSON,2017-03-29,4,17.501773195583034,lilac,0,-0.5264823382782055,0.2793011040507078
429,ROBINSON,2017-01-28,4,,lilac,1,,
430,ROBINSON,2017-06-22,5,40.046326535867216,lilac,0,1.4847646511798684,0.9166074502368319
431,BURKE,2017-05-30,4,8.323360197384574,daffodil,0,-1.3453078537806036,0.019838840000576247
432,RICE,2017-02-18,3,19.552498898381536,gerbera,0,-0.34353278794988706,0.3372725566208127
433,MARTINEZ,2017-05-21,4,41.432332974792736,gardenia,0,1.6084131988171986,0.9557881199999229
434,ROBINSON,2017-07-03,4,10.01425747024187,lilac,0,-1.1944593540039283,0.06763839257876811
435,ANDREWS,2017-06-08,2,20.22610849804412,orchid,0,-0.2834386597166793,0.35631465810923574
436,BAILEY,2017-05-02,2,39.24600733360161,rose,0,1.4133664929699221,0.8939834266476354
437,GARZA,2017-08-13,5,38.95346066294632,daffodil,0,1.387267789582436,0.8857134979003184
438,WEBB,2017-04-01,3,21.701424608419398,iris,0,-0.15182260857100288,0.3980200006627619
439,GRAVES,2017-02-15,2,20.667256959021355,gerbera,0,-0.24408287827127312,0.3687853737427392
440,CARROLL,2017-05-08,5,19.55089537556503,tulip,0,-0.3436758415907619,0.33722722703491276
441,PERKINS,2017-07-26,3,20.086296320158997,iris,0,-0.29591159797439,0.352362342581162
442,KING,2017-04-23,4,39.50811992126096,rose,0,1.4367501078445155,0.9013930219059314
443,ROBINSON,2017-05-24,5,39.624402240136774,lilac,0,1.447123897923039,0.9046801777280152
444,MARSHALL,2017-05-06,3,38.61857427525246,carnation,0,1.357391871044887,0.8762466782695528
445,HUDSON,2017-04-28,3,7.621566171200918,gardenia,0,-1.4079163739440705,0.0
446,DUNN,2017-07-14,3,20.275932523197245,daffodil,0,-0.2789937537085906,0.3577231210290083
447,ROBINSON,2017-01-02,5,10.070531082144146,lilac,0,-1.1894390668056831,0.06922917725508515
448,ROBINSON,2017-06-13,5,19.253301275677,lilac,0,-0.370224836749197,0.3288146137715888
449,ROBINSON,2017-06-18,5,39.18466849361471,lilac,0,1.40789432612774,0.8922494543040141
450,HILL,2017-05-19,3,17.977297425833665,daffodil,0,-0.4840598222021387,0.29274357971787834
451,RAMOS,2017-07-08,1,10.239160236713586,orchid,0,-1.174395305488105,0.07399611269785004
452,CURTIS,2017-08-02,2,21.147575712619027,sunflower,0,-0.20123263268989872,0.382363384592616
453,ROBINSON,2017-03-16,5,22.06949841389647,lilac,0,-0.11898597073700605,0.4084249871157983
454,MCCOY,2017-06-10,4,20.107706604507435,sunflower,0,-0.29400154150579316,0.35296758456058624
455,RAMOS,2017-08-25,4,39.463298299457286,orchid,0,1.4327514767536884,0.9001259706767196
456,ROBINSON,2017-05-17,5,19.601682395033976,lilac,0,-0.3391450248356593,0.33866291260041925
457,KNIGHT,2017-02-26,4,18.226666953262512,gardenia,0,-0.4618130425151064,0.29979294459005174
458,HUNTER,2017-01-18,4,42.83199518751649,rose,0,1.7332800067378824,0.995354821420964
459,ANDERSON,2017-03-25,2,10.067761463721538,daisy,0,-1.1896861502865725,0.06915088360381604
460,JACOBS,2017-04-20,5,19.307921328707604,carnation,0,-0.3653520670134779,0.3303586544052627
461,VASQUEZ,2017-06-25,4,37.760790220035865,gardenia,0,1.2808671525188922,0.8519981951084349
462,RHODES,2017-03-15,4,18.29875567159744,carnation,0,-0.4553818564305305,0.3018308025591063
463,ROBINSON,2017-04-23,5,21.613492029195008,lilac,0,-0.15966725878743995,0.3955342565484138
464,ROBINSON,2017-07-12,5,8.236668134635401,lilac,0,-1.3530418349148683,0.01738816373655421
465,FLEMING,2017-06-28,3,11.169952633217822,sunflower,0,-1.0913573593809849,0.10030845041952803
466,ROBINSON,2017-08-21,3,21.186470245001487,lilac,0,-0.1977627697043756,0.38346288441171383
467,MENDOZA,2017-08-09,5,18.94886452018504,daisy,0,-0.39738427959650735,0.320208567186463
468,JACOBS,2017-06-24,4,39.99935439484211,carnation,0,1.4805741677491615,0.9152796065170026
469,CARROLL,2017-06-09,3,,tulip,1,,
470,SANDERS,2017-04-30,1,39.927602595595104,daffodil,0,1.4741730389245833,0.9132512728294738
471,DANIELS,2017-08-02,3,18.99120612455764,rose,0,-0.39360689607340843,0.3214055114224857
472,HART,2017-07-30,1,19.206363026290955,gardenia,0,-0.37441229663554687,0.3274877281260373
473,DANIELS,2017-08-05,2,38.099346730352934,rose,0,1.3110704904098194,0.8615687645187481
474,ROBINSON,2017-07-17,5,8.675060856683505,lilac,0,-1.3139318987315658,0.029780978074722155
475,ROBINSON,2017-04-16,5,19.97233422270916,lilac,0,-0.30607839622267236,0.3491407765189201
476,GRAHAM,2017-08-02,2,10.294101927481078,lilac,0,-1.1694938417738336,0.0755492456283549
477,ROBINSON,2017-05-21,2,11.75598399352932,lilac,0,-1.0390762699593363,0.11687482453895855
478,BATES,2017-07-03,3,38.88590619560963,daisy,0,1.3812411135598692,0.8838038175399642
479,ROBINSON,2017-06-04,4,38.84056227603225,lilac,0,1.3771958871868424,0.8825220016054707
480,FOX,2017-01-13,2,10.078326654004735,gerbera,0,-1.1887436074546345,0.06944954832848432
481,HUNTER,2017-08-03,1,41.647321827620004,rose,0,1.6275928062589327,0.9618655861709322
482,ROBINSON,2017-06-07,5,39.00855501571081,lilac,0,1.3921828725943368,0.8872709463946776
483,CURTIS,2017-08-27,3,9.905388435682779,sunflower,0,-1.2041717894067145,0.06456080103901086
484,ROBINSON,2017-07-17,5,40.391164820172094,lilac,0,1.5155283993317903,0.9263555975466629
485,HUNT,2017-08-22,4,19.550183959142593,gerbera,0,-0.34373930854512025,0.33720711618179644
486,MORRISON,2017-03-01,5,20.07118941401848,gardenia,0,-0.2972593168241065,0.3519352892255568
487,MORALES,2017-06-11,4,39.74625143474983,jasmine,0,1.4579943206869928,0.9081247021695711
488,ROBINSON,2017-01-03,2,41.53718994033743,lilac,0,1.617767709110318,0.9587522953630266
489,HUDSON,2017-08-30,4,38.57885997750445,gardenia,0,1.3538488750680535,0.875124004708134
490,OLSON,2017-03-21,4,40.38609528409458,lilac,0,1.515076135362753,0.9262122880977839
491,MURRAY,2017-06-21,5,11.807844044715946,daffodil,0,-1.0344497257893144,0.11834084337002214
492,ROBINSON,2017-03-02,2,40.56157314427975,lilac,0,1.5307308841034757,0.9311728278886228
493,ROBINSON,2017-07-30,5,10.640357968434348,lilac,0,-1.1386036125713528,0.08533747114668844
494,ROBINSON,2017-05-29,1,39.537687108196494,lilac,0,1.4393878587377467,0.902228849326793
495,FORD,2017-06-06,4,21.100522923889105,carnation,0,-0.2054303108718639,0.38103326106296725
496,RYAN,2017-03-09,5,10.42452053489414,carnation,0,-1.157858923682104,0.07923601665950161
497,ROBINSON,2017-07-25,5,20.6727304057293,lilac,0,-0.24359458058592293,0.3689401012403229
498,CARLSON,2017-02-06,3,18.89050405664989,rose,0,-0.40259073921523547,0.3185587898226837
499,BISHOP,2017-01-26,4,9.919408543733033,sunflower,0,-1.2029210260989507,0.06495713197091164
500,BENNETT,2017-04-26,3,20.36756375632163,rose,0,-0.2708191388036041,0.3603134214664395
501,ROBINSON,2017-01-08,5,19.95581255766759,lilac,0,-0.3075523286876071,0.3486737296973829
502,FREEMAN,2017-03-12,4,19.320466409881465,gerbera,0,-0.36423289395368824,0.3307132881708931
503,HUNTER,2017-02-15,2,19.632809833030613,rose,0,-0.3363680806658046,0.3395428463687377
504,CASTRO,2017-08-20,4,20.59462795295246,gardenia,0,-0.25056226456021674,0.3667322425147105
505,ROBINSON,2017-03-20,4,21.083977056249548,lilac,0,-0.20690640250143583,0.380565530064234
506,COLEMAN,2017-02-06,2,20.262463484001568,tulip,0,-0.28019535500555626,0.3573423681248868
507,CASTRO,2017-06-03,5,20.926613717748136,gardenia,0,-0.220945116688179,0.376117065161415
508,ROBINSON,2017-01-11,5,39.85943694640198,lilac,0,1.4680918380839725,0.9113243151219086
509,NEAL,2017-09-03,3,39.21778553397339,iris,0,1.4108487669062204,0.893185631644453
510,DANIELS,2017-08-29,5,20.954779835802945,rose,0,-0.21843235809467737,0.3769132861161093
511,FREEMAN,2017-03-28,3,39.28486352623754,gerbera,0,1.4168329355860712,0.8950818426500167
512,EVANS,2017-04-05,1,38.54709851572177,daisy,0,1.3510153683036035,0.8742261478798029
513,REID,2017-07-12,1,39.58064300574245,jasmine,0,1.4432200446460122,0.9034431588630677
514,ROBINSON,2017-06-17,4,10.053403104085897,lilac,0,-1.1909670897292335,0.06874499072235157
515,ROBINSON,2017-01-08,4,38.798575490256326,lilac,0,1.3734501577765392,0.8813350876477148
516,DANIELS,2017-03-25,4,9.28844070880008,rose,0,-1.2592109928727073,0.04712045987665666
517,ROBINSON,2017-08-09,4,8.872260202913195,lilac,0,-1.2963393305648296,0.03535555712798593
518,ADAMS,2017-01-22,4,39.06673227850352,orchid,0,1.3973729884897657,0.888915544902437
519,BURKE,2017-04-23,3,19.41409494389223,daffodil,0,-0.35588009563853873,0.3333600498081061
520,JACOBS,2017-07-22,5,19.47270675221944,carnation,0,-0.35065121302261415,0.3350169323750199
521,ROBINSON,2017-06-22,2,9.445687561636133,lilac,0,-1.24518267061701,0.05156563187530265
522,WAGNER,2017-03-18,2,,iris,1,,
523,DAY,2017-05-31,3,20.402872175948797,orchid,0,-0.26766920047456344,0.36131154635995816
524,STEWART,2017-08-31,4,20.553032057347128,tulip,0,-0.2542731218367967,0.365556378533533
525,ROBINSON,2017-02-10,5,8.836212072416203,lilac,0,-1.2995552600553517,0.0343365215326864
526,ROBINSON,2017-07-08,5,9.75399218862583,lilac,0,-1.2176781668235803,0.060281018353507465
527,ROBINSON,2017-07-23,5,20.214650180157065,lilac,0,-0.28446088033940564,0.3559907457834595
528,GRANT,2017-06-18,1,9.889104678549883,tulip,0,-1.205624497607062,0.06410047957670871
529,CALDWELL,2017-04-07,5,42.12211938458883,carnation,0,1.6699504942841485,0.9752875196926404
530,FIELDS,2017-03-25,1,21.148339002385022,lilac,0,-0.2011645380055299,0.38238496184032217
531,MORALES,2017-03-09,3,19.291959915260104,jasmine,0,-0.36677601825612305,0.32990744519607357
532,FOSTER,2017-06-09,3,19.96992834153728,daffodil,0,-0.3062930299388922,0.34907276526512115
533,RIVERA,2017-07-14,5,11.841668701281488,daffodil,0,-1.031432157081695,0.11929702413623262
534,ROBINSON,2017-01-06,5,20.676548716953928,lilac,0,-0.24325394101593759,0.3690480401264227
535,CURTIS,2017-08-13,3,21.066534622345426,sunflower,0,-0.2084624786919453,0.3800724542577524
536,ROBINSON,2017-01-06,5,20.222701841744172,lilac,0,-0.2837425746855843,0.35621835619336006
537,GOMEZ,2017-05-31,3,19.268682968623942,tulip,0,-0.3688526035909101,0.3292494350067763
538,HOLLAND,2017-06-07,5,39.85576748857722,jasmine,0,1.4677644780386618,0.9112205841353824
539,AUSTIN,2017-05-10,5,41.288529279387824,jasmine,0,1.595584168891852,0.9517229692602626
540,ROBINSON,2017-07-20,5,11.16132586847472,lilac,0,-1.092126971196151,0.10006458256218576
541,CARROLL,2017-05-21,1,38.94392571220611,tulip,0,1.3864171565855685,0.8854439567599113
542,HOWELL,2017-07-29,3,40.03772717421713,lilac,0,1.4839974840522283,0.9163643570306801
543,KIM,2017-03-15,5,21.109069633911922,gerbera,0,-0.20466784090655987,0.3812748658734214
544,BISHOP,2017-04-19,5,20.826856010089084,sunflower,0,-0.22984471146728663,0.3732970394455588
545,LAWRENCE,2017-05-03,5,20.48482891609821,daffodil,0,-0.26035766742250854,0.36362836097240897
546,HARVEY,2017-04-20,4,18.991206628155673,tulip,0,-0.3936068511463693,0.3214055256585727
547,JOHNSTON,2017-07-14,5,19.312738859226123,orchid,0,-0.3649222849900443,0.33049483997195167
548,RODRIQUEZ,2017-03-30,4,10.666873311445995,carnation,0,-1.1362381230891845,0.08608702675409227
549,ROBINSON,2017-01-21,2,18.669438190193787,lilac,0,-0.42231248981595815,0.3123095340715901
550,RAMOS,2017-08-24,3,19.88529663342091,orchid,0,-0.31384320250574405,0.346680332651486
551,GARZA,2017-02-26,5,18.541557451418605,daffodil,0,-0.4337209993122043,0.30869450541494486
552,HUGHES,2017-02-16,3,40.343587161879114,rose,0,1.5112838964328912,0.9250106366104615
553,ORTIZ,2017-07-27,5,41.11598509511661,carnation,0,1.5801911395456518,0.9468453608209301
554,LEWIS,2017-03-19,4,40.46082369573792,gerbera,0,1.5217428140356941,0.9283247668975129
555,WATTS,2017-08-03,4,20.81012955554682,gardenia,0,-0.23133691363402137,0.372824203480788
556,LYNCH,2017-01-02,3,8.211549720974478,daisy,0,-1.3552827013934792,0.016678097575978292
557,GRAVES,2017-05-27,5,40.672689864035775,gerbera,0,1.5406438402270475,0.9343139586796845
558,LANE,2017-02-21,3,20.199393625860008,gerbera,0,-0.2858219496157098,0.3555594620615029
559,GONZALEZ,2017-08-20,4,19.981827342438077,gardenia,0,-0.30523149505824654,0.3494091351489193
560,ROBINSON,2017-01-02,5,9.448141768993722,lilac,0,-1.2449637256201873,0.051635009249972275
561,PORTER,2017-03-19,3,20.278665419769442,orchid,0,-0.27874994626116106,0.3578003765994622
562,ALEXANDER,2017-06-24,5,20.17013364068841,sunflower,0,-0.2884322943938789,0.3547323188505593
563,ROBINSON,2017-07-10,5,18.690125426478428,lilac,0,-0.4204669379848937,0.3128943363859342
564,ROBINSON,2017-07-12,5,10.24196926475507,lilac,0,-1.174144706192281,0.07407552040978968
565,BURKE,2017-06-02,2,38.48236356613143,daffodil,0,1.3452402273854802,0.8723961717622347
566,ORTIZ,2017-01-20,2,21.475226286412774,carnation,0,-0.1720022363191992,0.3916256568079256
567,CRAWFORD,2017-02-07,4,10.484361174661348,carnation,0,-1.1525204144305596,0.08092763675540006
568,DANIELS,2017-08-17,4,19.63527590758217,rose,0,-0.33614807697166466,0.33961255921414885
569,LAWSON,2017-05-24,4,11.331382048693454,jasmine,0,-1.076955901920961,0.10487185823652408
570,RICHARDS,2017-02-14,2,,lilac,1,,
571,ROBINSON,2017-04-17,3,39.41558398661675,lilac,0,1.4284947826153704,0.8987771466872532
572,SCHMIDT,2017-03-22,5,8.78080797267247,rose,0,-1.304497976246322,0.03277031687835348
573,DANIELS,2017-06-18,4,40.60595179507549,rose,0,1.5346899968196126,0.9324273568810765
574,ROBINSON,2017-01-12,5,20.26735330439108,lilac,0,-0.2797591238507868,0.3574805972358791
575,MARSHALL,2017-05-02,2,18.66868098103047,carnation,0,-0.4223800420369814,0.31228812871492195
576,EDWARDS,2017-08-02,4,10.620682556785033,gerbera,0,-1.1403588973999645,0.08478127185018133
577,NGUYEN,2017-08-02,5,21.037442425666,gerbera,0,-0.21105785470605615,0.3792500542177763
578,NGUYEN,2017-03-10,2,18.260750430085388,gerbera,0,-0.4587723839083208,0.30075644188145706
579,CARLSON,2017-01-31,5,39.09732812380585,rose,0,1.4001025081580163,0.8897804512096851
580,HUNTER,2017-06-30,3,18.088148095007625,rose,0,-0.47417060101019964,0.2958771895915017
581,GONZALES,2017-06-12,3,20.409422160785073,lilac,0,-0.26708486256002967,0.3614967062449457
582,NELSON,2017-02-28,4,19.5419255786867,daisy,0,-0.3444760560237245,0.33697366208783774
583,HENRY,2017-05-04,4,18.46454305943314,iris,0,-0.4405916150963251,0.30651740480801914
584,MORRISON,2017-02-01,4,40.14708609843754,gardenia,0,1.4937536235413906,0.9194557971388866
585,AUSTIN,2017-06-15,5,11.076785687699132,jasmine,0,-1.099668978416552,0.09767473731208133
586,LAWRENCE,2017-04-18,3,21.278989591849925,daffodil,0,-0.18950892430735689,0.38607829071413746
587,SCOTT,2017-04-09,2,19.35227672353354,gardenia,0,-0.36139502901128867,0.33161252598051577
588,MURRAY,2017-08-29,5,9.828821679327142,daffodil,0,-1.2110024706754214,0.06239635453187419
589,LEE,2017-02-17,4,39.459355451590426,daffodil,0,1.4323997270080882,0.9000145112953929
590,HUDSON,2017-06-26,3,40.00064554344957,gardenia,0,1.4806893538302743,0.915316105674426
591,ROBINSON,2017-05-24,2,40.579406591246034,lilac,0,1.5323218433911237,0.9316769571456739
592,ROBINSON,2017-04-18,5,40.53226090389278,lilac,0,1.5281158775277088,0.9303442074880505
593,DANIELS,2017-01-15,1,9.946010978347354,rose,0,-1.2005477669918516,0.06570914954907384
594,FERGUSON,2017-07-29,2,19.70099277133291,daffodil,0,-0.33028533742742505,0.3414702928178108
595,JENKINS,2017-08-25,3,,carnation,1,,
596,MITCHELL,2017-04-25,3,20.151888494969167,lilac,0,-0.29005998219261997,0.3542165513843134
597,ROBINSON,2017-02-24,5,21.18927612751405,lilac,0,-0.1975124510277985,0.38354220320348215
598,HALE,2017-04-07,3,10.407778486820613,rose,0,-1.1593525169805383,0.07876273988509122
599,SHELTON,2017-08-30,5,19.42743822556006,rose,0,-0.35468971343495964,0.33373724770409013
600,THOMPSON,2017-06-05,3,19.870564493285016,tulip,0,-0.31515748769247454,0.3462638734624396
601,ROBINSON,2017-02-28,3,8.850109706941696,lilac,0,-1.2983154228681566,0.034729390291112675
602,GREGORY,2017-07-20,5,10.761102983012123,gardenia,0,-1.1278316960292014,0.08875078179867858
603,HOLLAND,2017-04-12,1,11.253215385574789,jasmine,0,-1.0839293142348114,0.10266218436479989
604,AUSTIN,2017-08-10,3,21.291295956636,jasmine,0,-0.1884110476382753,0.38642617626583886
605,SILVA,2017-04-19,2,38.218833237901826,lilac,0,1.321730132894692,0.8649464987499451
606,CASTRO,2017-02-12,5,40.68581221538623,gardenia,0,1.5418145127726441,0.9346849111517206
607,ROBINSON,2017-02-23,5,21.24439900619484,lilac,0,-0.1925948231589464,0.38510045808984283
608,ROBINSON,2017-05-29,2,20.00907256289836,lilac,0,-0.3028008916747698,0.3501793234795771
609,PETERS,2017-07-30,5,20.073257114458663,orchid,0,-0.29707485292177727,0.3519937405327373
610,SANDERS,2017-04-20,1,22.055063752330657,daffodil,0,-0.12027371723523492,0.40801693727413196
611,WATTS,2017-01-24,3,10.19086152888977,gardenia,0,-1.1787041347312102,0.07263076859259755
612,DANIELS,2017-05-23,5,9.683494639208153,rose,0,-1.2239674013846003,0.05828814074106108
613,ROBINSON,2017-06-03,5,18.579935402080928,lilac,0,-0.43029722166772805,0.3097794021144511
614,ROBINSON,2017-03-08,5,10.575727940326802,lilac,0,-1.1443693932234635,0.08351046102830535
615,ROBINSON,2017-01-10,2,21.304569747964823,lilac,0,-0.18722686481389927,0.38680140975679
616,LYNCH,2017-04-19,5,38.162636363535796,daisy,0,1.3167166916133484,0.8633578833478692
617,STEVENS,2017-01-18,3,9.366385501907377,jasmine,0,-1.2522573740489154,0.04932386176045815
618,BAILEY,2017-04-14,4,18.92563778086098,rose,0,-0.3994563858314518,0.3195519762951286
619,MASON,2017-06-20,4,8.043027895409214,tulip,0,-1.370316887665002,0.011914196190018957
620,FOSTER,2017-05-05,3,19.940934885752107,daffodil,0,-0.3088795970702852,0.34825315650681676
621,NICHOLS,2017-04-07,3,18.24273484374668,lilac,0,-0.4603795922322181,0.3002471637719898
622,MILLER,2017-06-18,3,9.629686505879716,daffodil,0,-1.2287677380571305,0.056767052062610054
623,RAMOS,2017-08-24,5,19.615197657661422,orchid,0,-0.3379392998491892,0.3390449721831857
624,MILLS,2017-04-15,5,20.7718203488036,rose,0,-0.23475455848898272,0.37174125008595704
625,DANIELS,2017-03-21,2,20.34891738647279,rose,0,-0.2724826206502719,0.35978631189550986
626,JACOBS,2017-03-31,3,10.917093338648256,carnation,0,-1.1139154685297163,0.0931604341918843
627,ANDREWS,2017-07-14,2,39.63009935164274,orchid,0,1.4476321492151374,0.9048412279498972
628,COOPER,2017-07-31,5,20.58386046159048,lilac,0,-0.25152285509660605,0.36642785899138586
629,ROBERTS,2017-06-13,3,10.718307932248527,tulip,0,-1.1316495324579314,0.08754101919991097
630,ROBINSON,2017-07-03,5,38.971021254650395,lilac,0,1.388834406878633,0.8862099138801282
631,LARSON,2017-06-13,3,40.92130084286267,tulip,0,1.5628229481989209,0.9413418803309337
632,HUNTER,2017-02-08,3,10.80716128940459,rose,0,-1.1237227377068442,0.0900527925555763
633,STEWART,2017-04-28,4,40.24573950050194,tulip,0,1.5025547008972804,0.9222446055157706
634,ROBINSON,2017-05-23,5,11.134021868027988,lilac,0,-1.0945628184657674,0.09929273259477578
635,ROBINSON,2017-07-14,2,20.54580813843546,lilac,0,-0.25491758282672533,0.3653521673745338
636,ROBINSON,2017-01-15,5,20.567802618138632,lilac,0,-0.25295540906262354,0.3659739238264944
637,SCOTT,2017-04-14,3,38.658038000923696,gardenia,0,1.360912512960078,0.8773622684715323
638,MITCHELL,2017-03-06,5,19.525242736797093,lilac,0,-0.345964367414047,0.3365020589982494
639,ROBINSON,2017-06-12,5,18.35844728354661,lilac,0,-0.4500566422638721,0.3035182098248475
640,MASON,2017-03-31,4,40.31046486150069,tulip,0,1.508328986396994,0.9240743105758386
641,CARLSON,2017-01-18,2,41.79719245811017,rose,0,1.6409630802152109,0.9661022415828461
642,RIVERA,2017-09-02,5,10.563104880880175,daffodil,0,-1.1454955228888677,0.08315362291436298
643,HALE,2017-02-18,5,20.253908852510733,rose,0,-0.2809585316616722,0.3571005393844322
644,TURNER,2017-04-08,5,21.275885997752873,iris,0,-0.18978580246014076,0.3859905559879629
645,ROBINSON,2017-05-01,5,20.38718053055175,lilac,0,-0.2690690851424075,0.36086796315639247
646,JENNINGS,2017-04-24,1,9.050218058063297,tulip,0,-1.2804633362606308,0.04038620327692409
647,ROBINSON,2017-06-07,5,18.5622407244592,lilac,0,-0.4318758010504713,0.3092791956933333
648,PERKINS,2017-09-02,3,20.98348080804775,iris,0,-0.21587188403468613,0.37772462673028073
649,ROBINSON,2017-01-31,3,20.950662901804368,lilac,0,-0.2187996384299964,0.37679690553741607
650,GARZA,2017-09-04,2,38.78181295800544,daffodil,0,1.3719547370415872,0.8808612318112121
651,HOWARD,2017-04-25,2,18.66219686483044,gardenia,0,-0.42295850367202736,0.3121048308539569
652,FULLER,2017-03-12,5,39.932714286854186,lilac,0,1.4746290636459733,0.9133957739526491
653,RHODES,2017-06-06,4,19.626385855460647,carnation,0,-0.3369411772072585,0.33936124855168176
654,PATTERSON,2017-06-11,4,19.8757551449764,rose,0,-0.31469441874495346,0.34641060669834933
655,BURKE,2017-06-18,1,19.60131353933097,daffodil,0,-0.3391779312282152,0.3386524855107003
656,DANIELS,2017-03-05,4,11.771328684237506,rose,0,-1.0377073378485433,0.11730859976710273
657,HUDSON,2017-01-21,5,38.275876053281,gardenia,0,1.3268190423518857,0.8665590278471844
658,BRYANT,2017-08-14,4,21.14430102086101,tulip,0,-0.2015247748246441,0.38227081314940814
659,ROBINSON,2017-05-31,5,40.3949887084901,lilac,0,1.515869536445998,0.926463694090222
660,ROBINSON,2017-06-02,3,40.619153275875284,lilac,0,1.5358677286697056,0.9328005462437474
661,FISHER,2017-05-07,4,21.516473303635536,iris,0,-0.1683225032164293,0.3927916584332647
662,BROWN,2017-08-11,5,9.291263450200523,daffodil,0,-1.258959170179307,0.04720025524811476
663,DANIELS,2017-01-17,2,10.419990861309923,rose,0,-1.1582630253833874,0.07910796844857454
664,ROBINSON,2017-06-05,5,18.612868673083565,lilac,0,-0.4273591753397618,0.31071038452487415
665,PRICE,2017-08-23,4,40.77854479923715,daisy,0,1.5500873814908536,0.9373063453976956
666,CRAWFORD,2017-03-21,2,11.48964372995091,carnation,0,-1.0628370446887414,0.10934571816628529
667,OLIVER,2017-05-17,5,39.171376807131075,jasmine,0,1.40670854683899,0.8918737149394023
668,FERGUSON,2017-01-28,5,20.432952529528507,daffodil,0,-0.26498566890638986,0.3621618803604822
669,DANIELS,2017-01-05,2,10.467958180382055,rose,0,-1.1539837600273595,0.08046394460799483
670,LOWE,2017-04-11,2,20.129407809640387,jasmine,0,-0.29206553138252883,0.3535810505069887
671,ROBINSON,2017-08-28,5,19.007552195551305,lilac,0,-0.39214862872256523,0.32186759441975044
672,ROBINSON,2017-01-27,5,11.550541605269627,lilac,0,-1.0574042172314635,0.11106722498986563
673,ANDREWS,2017-06-02,2,40.579484460309885,orchid,0,1.5323287902539813,0.9316791584067863
674,HUDSON,2017-05-17,1,39.55546359590966,gardenia,0,1.440973736570702,0.9027313684169475
675,MARSHALL,2017-02-19,3,19.397603657236626,carnation,0,-0.3573513179838095,0.3328938617455725
676,ROBINSON,2017-03-18,2,12.124361480070661,lilac,0,-1.0062125400992945,0.12728839567613376
677,DANIELS,2017-04-29,1,39.13857079573335,rose,0,1.4037818536078626,0.890946329998958
678,ROBINSON,2017-01-11,5,19.449376105982466,lilac,0,-0.3527325890116598,0.3343574041651228
679,JACOBS,2017-06-03,2,20.69829786171427,carnation,0,-0.24131365409775044,0.36966286126617537
680,MATTHEWS,2017-08-22,5,18.72465164797649,iris,0,-0.417386781195038,0.3138703495159538
681,BROWN,2017-01-06,3,19.092806129804963,daffodil,0,-0.3845429460541605,0.32427761658861304
682,HALE,2017-04-18,2,18.781723613431932,rose,0,-0.4122952711982706,0.31548370264941666
683,RICE,2017-01-06,2,18.87584322434961,gerbera,0,-0.4038986628800702,0.31814434641702777
684,BURKE,2017-07-08,2,20.336349832879137,daffodil,0,-0.27360379852186567,0.3594310428626584
685,HANSEN,2017-03-17,4,18.550459532901982,gerbera,0,-0.4329268259119551,0.30894615613243703
686,ROBINSON,2017-03-27,5,10.956659881612547,lilac,0,-1.110385654067702,0.09427893091023493
687,MEDINA,2017-07-13,5,21.013251048643056,daffodil,0,-0.21321601829767198,0.3785661942243226
688,LONG,2017-01-26,5,21.068792671750952,daffodil,0,-0.20826103335832688,0.38013628649228026
689,WOODS,2017-04-23,3,39.969686057181256,sunflower,0,1.4779273929871177,0.9144409196915569
690,SNYDER,2017-01-30,4,40.26633510198596,sunflower,0,1.5043920777951758,0.9228268174288285
691,AUSTIN,2017-06-21,4,40.65200244494403,jasmine,0,1.5387982720873772,0.933729151197612
692,HOLLAND,2017-06-04,2,39.73664696730012,jasmine,0,1.457137485958355,0.9078531958786701
693,MORALES,2017-02-04,3,19.602953556449968,jasmine,0,-0.3390316218539084,0.3386988467449202
694,HUNTER,2017-07-27,2,38.93939274664326,rose,0,1.3860127611999518,0.8853158154888626
695,MORRIS,2017-08-02,3,19.42360555899608,rose,0,-0.3550316336749419,0.3336289030104885
696,GRAY,2017-07-28,5,40.81683694560708,gerbera,0,1.5535035043540548,0.9383888165170962
697,RICHARDS,2017-04-13,5,19.761158190016147,lilac,0,-0.3249178539661351,0.34317109400774864
698,ROBINSON,2017-06-03,5,20.31513853963086,lilac,0,-0.2754961025761617,0.3588314261129317
699,DANIELS,2017-06-09,4,10.773994475334536,rose,0,-1.1266816189027342,0.08911520817452535
700,PENA,2017-04-13,3,40.26847288264136,lilac,0,1.5045827937008052,0.9228872498161054
701,GEORGE,2017-01-27,2,39.459243400777716,carnation,0,1.4323897307195688,0.9000113437589615
702,RODRIQUEZ,2017-06-02,1,18.46753838765579,carnation,0,-0.44032439556975866,0.3066020789932377
703,FREEMAN,2017-03-19,2,38.697211514963506,gerbera,0,1.3644072644856395,0.8784696547534052
704,WAGNER,2017-01-01,3,21.203064721676572,iris,0,-0.19628234156057384,0.38393198952712865
705,CALDWELL,2017-02-19,2,20.7909030924634,carnation,0,-0.2330521468174333,0.37228069539913167
706,HOLLAND,2017-01-15,4,20.787944510623905,jasmine,0,-0.23331608812192187,0.3721970599882384
707,GOMEZ,2017-07-28,3,39.239735793557365,tulip,0,1.4128069957005431,0.8938061380489114
708,ROBINSON,2017-05-20,5,17.960486077951256,lilac,0,-0.48555959788218345,0.2922683439244835
709,MARSHALL,2017-09-02,5,9.904764762079802,carnation,0,-1.2042274286397239,0.06454317056573748
710,GIBSON,2017-04-20,2,10.540978545640826,sunflower,0,-1.1474694597624966,0.0825281390711909
711,HARRISON,2017-07-06,5,39.67556097787618,orchid,0,1.451687876446357,0.9061263713044448
712,CALDWELL,2017-06-10,5,10.547761413390148,carnation,0,-1.1468643458737977,0.08271988226506737
713,FOX,2017-02-26,4,12.163468308340688,gerbera,0,-1.0027237377514209,0.12839389683464042
714,CASTRO,2017-02-22,4,20.71522759730886,gardenia,0,-0.23980331680106515,0.3701414437322296
715,BENNETT,2017-05-24,4,19.51787239783859,rose,0,-0.3466218908441114,0.33629370872752556
716,PRICE,2017-08-03,2,18.608331753476573,daisy,0,-0.42776392347396724,0.3105821314779395
717,ROBINSON,2017-07-22,5,9.623499200053306,lilac,0,-1.2293197206148858,0.05659214465994621
718,ROBINSON,2017-07-17,3,20.044922846993398,lilac,0,-0.29960261247761577,0.35119276620436674
719,PATTERSON,2017-02-15,4,19.25097776500312,rose,0,-0.37043212202015696,0.3287489310288197
720,PORTER,2017-09-03,2,10.126668501953674,orchid,0,-1.1844309295902915,0.07081611195115642
721,MENDOZA,2017-02-05,1,21.067898792110164,daisy,0,-0.20834077823991035,0.3801110176320282
722,WATTS,2017-02-13,4,19.03730247122253,gardenia,0,-0.389494544098392,0.3227085975303412
723,ROBINSON,2017-08-21,5,11.008676549795236,lilac,0,-1.1057451377662706,0.09574937710803341
724,ROBINSON,2017-07-27,5,13.26318152142278,lilac,0,-0.904616010545913,0.1594814149195348
725,ORTIZ,2017-01-24,4,19.561037477685822,carnation,0,-0.34277104334307296,0.337513931586016
726,ROBINSON,2017-09-01,5,,lilac,1,,
727,DANIELS,2017-05-09,5,39.455513642164135,rose,0,1.432056991114142,0.8999059081445007
728,PEREZ,2017-01-23,3,20.020962321297578,tulip,0,-0.3017401813371168,0.3505154320894071
729,JOHNSON,2017-08-18,3,20.770844391006936,daisy,0,-0.23484162573537054,0.37171366097882164
730,PALMER,2017-02-08,5,40.49688191063228,gardenia,0,1.5249596431765018,0.9293440875661223
731,NICHOLS,2017-06-01,5,19.752407892436235,lilac,0,-0.32569848640532445,0.34292373403150417
732,HENDERSON,2017-06-16,4,9.605376642374443,rose,0,-1.2309364720768792,0.05607984260438826
733,HUNTER,2017-01-28,4,20.13005555426125,rose,0,-0.2920077447234194,0.35359936143785314
734,TORRES,2017-05-06,4,19.639151800752245,daffodil,0,-0.3358023003952955,0.33972212586987915
735,ORTIZ,2017-01-20,4,11.926307724771691,carnation,0,-1.0238813318949673,0.12168966354634315
736,ROBINSON,2017-04-13,5,8.642980010870781,lilac,0,-1.3167938984166434,0.02887409265903578
737,BURKE,2017-03-05,5,20.35526632091618,daffodil,0,-0.2719162188638718,0.3599657883371682
738,WEAVER,2017-05-25,1,19.765553529469504,sunflower,0,-0.3245257364950201,0.34329534476069046
739,WHEELER,2017-06-16,5,19.16874342622881,orchid,0,-0.3777684202290183,0.32642426905019273
740,ROBINSON,2017-04-20,5,9.645967623390263,lilac,0,-1.2273152653430408,0.05722729890608744
741,ROBINSON,2017-07-28,2,8.723766794663165,lilac,0,-1.309586739630308,0.03115783406751398
742,FOWLER,2017-04-12,4,9.539758653527816,daisy,0,-1.2367903907830997,0.05422490407068925
743,REID,2017-04-17,5,19.042954920573415,jasmine,0,-0.3889902772110231,0.3228683852089188
744,MILES,2017-05-28,2,10.470125224387713,daisy,0,-1.153790433476746,0.08052520423360926
745,JACOBS,2017-08-21,4,20.195840578123452,carnation,0,-0.28613892447237194,0.3554590218426779
746,DUNN,2017-09-03,4,39.19578359864021,daffodil,0,1.4088859280096946,0.8925636644311502
747,JIMENEZ,2017-06-15,5,40.766663991443,tulip,0,1.549027469655491,0.936970489810284
748,DANIELS,2017-05-13,3,9.814681655219491,rose,0,-1.212263931946715,0.06199663372290487
749,ROBINSON,2017-07-29,5,18.66850732475969,lilac,0,-0.42239553427790233,0.312283219669187
750,ELLIS,2017-07-14,4,10.099133989422626,daisy,0,-1.1868873413274588,0.07003774569522256
751,ROBINSON,2017-04-22,5,8.895752270928368,lilac,0,-1.2942435537996617,0.036019648529803744
752,ROBINSON,2017-05-12,5,38.68490069145185,lilac,0,1.3633089900442772,0.8781216431591043
753,DANIELS,2017-01-27,2,19.837665263486432,rose,0,-0.3180924971330767,0.3453338533543096
754,MARSHALL,2017-07-01,5,41.09381377040543,carnation,0,1.5782131890666782,0.9462186051816183
755,ROBINSON,2017-05-14,4,38.823327029194495,lilac,0,1.375658294590006,0.8820347827184076
756,HERNANDEZ,2017-02-03,3,19.234047486363014,gardenia,0,-0.3719425077630742,0.3282703332115474
757,GONZALES,2017-02-06,4,40.230032821167605,lilac,0,1.5011534750202913,0.9218005973215876
758,JACOBS,2017-02-11,5,39.800514040718134,carnation,0,1.462835201818973,0.9096586382215399
759,CRUZ,2017-06-06,3,20.07286570538683,lilac,0,-0.297109771347771,0.35198267588746934
760,GRIFFIN,2017-02-16,4,41.309361465757824,iris,0,1.5974426520246994,0.9523118691323575
761,CUNNINGHAM,2017-01-26,2,41.35979220152915,daisy,0,1.6019416839622715,0.9537374830030247
762,MCKINNEY,2017-01-23,4,19.80395396585677,gardenia,0,-0.32109995285175924,0.3443808771035376
763,WOOD,2017-03-26,3,11.598584506329045,sunflower,0,-1.0531182090474853,0.11242533775760225
764,HOLT,2017-06-01,1,19.656885483754934,gerbera,0,-0.3342202412605319,0.3402234349243669
765,ROBINSON,2017-05-21,4,39.20183165119732,lilac,0,1.4094254874906016,0.8927346353179331
766,BURNS,2017-07-25,5,39.7035727540031,tulip,0,1.454186865872063,0.9069182292057381
767,ROBINSON,2017-04-22,3,19.84126812776596,lilac,0,-0.31777107803790744,0.3454357018245424
768,HUNTER,2017-01-28,2,40.40837589010492,rose,0,1.517063835056121,0.9268421329828405
769,ROBINSON,2017-05-05,3,19.728401824262274,lilac,0,-0.32784011820502523,0.34224511248760764
770,HAYES,2017-06-09,5,20.154059556558487,jasmine,0,-0.2898662972249234,0.3542779245819967
771,THOMPSON,2017-02-06,3,40.14954649514043,tulip,0,1.4939731207027165,0.9195253494786121
772,DANIELS,2017-01-30,2,21.05784391238136,rose,0,-0.20923779519467878,0.37982677874893384
773,ROBINSON,2017-07-30,4,41.329940018952044,lilac,0,1.5992785080088283,0.9528935991115703
774,BANKS,2017-08-31,4,40.526796783997966,orchid,0,1.5276284119069623,0.9301897436478171
775,ROBINSON,2017-08-13,5,40.529661253096265,lilac,0,1.527883957215995,0.9302707186091413
776,MASON,2017-02-12,2,10.632166233095619,tulip,0,-1.1393344144989745,0.08510590102689723
777,FRANKLIN,2017-07-16,4,9.497225264136636,daffodil,0,-1.2405848838508153,0.05302253831188897
778,WAGNER,2017-01-09,5,9.918586514472393,iris,0,-1.2029943610571003,0.06493389423110599
779,PATTERSON,2017-06-30,3,38.93133469745953,rose,0,1.3852938856952102,0.8850880245095891
780,CARPENTER,2017-07-27,3,8.989712370531672,sunflower,0,-1.2858611758210903,0.03867578311191879
781,ANDERSON,2017-01-26,2,19.238752863749248,daisy,0,-0.3715227311563043,0.32840334834935847
782,BROOKS,2017-05-06,3,9.070769650884062,rose,0,-1.2786298854680853,0.04096717112007503
783,BROOKS,2017-06-07,3,18.27932055124614,rose,0,-0.45711570436738275,0.30128139599727205
784,BENNETT,2017-08-28,5,20.409557512216264,rose,0,-0.2670727875743606,0.3615005324607398
785,GARDNER,2017-04-05,1,9.569352854118303,gardenia,0,-1.2341502299449303,0.05506149513381409
786,RODRIQUEZ,2017-04-22,4,20.745290435523664,carnation,0,-0.2371213478154101,0.3709912825952789
787,BURKE,2017-02-08,5,18.725000186335983,daffodil,0,-0.41735568735540146,0.3138802022597647
788,JACOBS,2017-08-13,4,19.40083006137294,carnation,0,-0.357063483689291,0.3329850681580659
789,VARGAS,2017-05-17,2,20.0764594461562,sunflower,0,-0.2967891661801194,0.3520842664474728
790,HARRISON,2017-04-20,2,21.066854454033503,orchid,0,-0.2084339458348037,0.3800814954998407
791,BURKE,2017-07-07,4,21.11950431103059,daffodil,0,-0.20373694142835264,0.381569841154047
792,REID,2017-03-26,5,,jasmine,1,,
793,WOODS,2017-05-18,4,39.449705696882894,sunflower,0,1.431538852107992,0.8997417247903146
794,SCHMIDT,2017-02-12,5,42.391020502446274,rose,0,1.6939397282063977,0.9828890182151626
795,MILLS,2017-03-06,3,19.219968121746227,rose,0,-0.37319855747368863,0.327872327170571
796,STEWART,2017-07-27,4,40.977308965766895,tulip,0,1.5678195505656234,0.9429251599650905
797,OLIVER,2017-06-16,5,18.474044392983114,jasmine,0,-0.43974398115965824,0.30678599563247383
798,SUTTON,2017-04-27,4,21.453191380527254,jasmine,0,-0.17396801658799932,0.39100275755831565
799,COOPER,2017-04-16,2,19.375858105271014,lilac,0,-0.35929128438122715,0.33227914216963655
800,HOLLAND,2017-02-08,2,21.52283978547493,jasmine,0,-0.16775453598994897,0.3929716309178769
801,ROBINSON,2017-05-04,3,19.96205378751313,lilac,0,-0.306995535454763,0.34885016146467207
802,CARROLL,2017-04-17,5,9.408722059409042,tulip,0,-1.2484804407677803,0.05052066332774725
803,CRAWFORD,2017-06-15,4,20.50039977059372,carnation,0,-0.2589685587648787,0.3640685295681557
804,FERGUSON,2017-02-15,5,20.37561754075454,daffodil,0,-0.27010064376624665,0.3605410918865377
805,DANIELS,2017-08-07,5,19.888509538618557,rose,0,-0.3135565724799172,0.3467711574658546
806,GORDON,2017-06-02,3,11.097624408505585,rose,0,-1.0978099123328944,0.09826382190452797
807,ALEXANDER,2017-04-25,4,40.04288863034625,sunflower,0,1.4844579484022742,0.9165102649445339
808,BENNETT,2017-03-11,3,38.816350917233144,rose,0,1.3750359409789759,0.8818375767521786
809,SOTO,2017-01-22,2,20.853619661940893,lilac,0,-0.22745706983157188,0.3740536144335314
810,REYNOLDS,2017-04-07,5,39.599992622245935,gardenia,0,1.4449462646048818,0.903990148337989
811,CARROLL,2017-07-15,2,39.445053042380536,tulip,0,1.4311237790205098,0.8996102000625362
812,DUNN,2017-08-06,5,41.54975558661798,daffodil,0,1.6188887168265007,0.9591075104785205
813,HENRY,2017-08-29,4,8.464866444002197,iris,0,-1.3326837840905355,0.023839044734428546
814,JACOBS,2017-06-21,5,39.8085451012016,carnation,0,1.4635516696050377,0.9098856662639884
815,JACOBS,2017-08-10,4,40.103362826402105,carnation,0,1.4898529785419887,0.918219794884878
816,MCCOY,2017-01-10,2,20.380240978976826,sunflower,0,-0.269688177124519,0.3606717907065936
817,ROBINSON,2017-08-21,5,22.092277419590157,lilac,0,-0.11695380776030977,0.4090689211369908
818,HART,2017-04-15,4,41.555282777847225,gardenia,0,1.6193818091735608,0.9592637572665502
819,PHILLIPS,2017-03-07,1,8.942372266081932,daffodil,0,-1.290084486042324,0.037337537525965095
820,VASQUEZ,2017-08-16,5,11.375816507815108,gardenia,0,-1.0729918104267668,0.1061279648606006
821,HALL,2017-04-03,1,,daffodil,1,,
822,RILEY,2017-04-06,5,21.097481396697482,orchid,0,-0.20570165190555723,0.3809472808906364
823,LANE,2017-01-27,5,21.012959659135454,gerbera,0,-0.21324201376811125,0.3785579570071285
824,ROBINSON,2017-04-29,5,19.134178241295587,lilac,0,-0.38085205302882136,0.3254471544725586
825,ROBINSON,2017-07-14,5,40.19376901046917,lilac,0,1.497918304245664,0.9207754647165557
826,ARNOLD,2017-06-15,2,9.895045766418,gerbera,0,-1.2050944806708868,0.06426842670542096
827,COOPER,2017-03-30,3,41.61504572836657,lilac,0,1.6247133876040096,0.9609531811845095
828,BROOKS,2017-07-31,3,10.817615550821653,rose,0,-1.122790091072213,0.09034832145984063
829,ROBINSON,2017-06-27,5,8.562718251949988,lilac,0,-1.323954218630644,0.026605193047488308
830,DAVIS,2017-05-28,4,9.13571341402974,rose,0,-1.2728361158537889,0.04280305013587225
831,PERKINS,2017-05-09,3,38.553346230039395,iris,0,1.3515727400298314,0.8744027629550133
832,JOHNSTON,2017-02-16,5,41.22992211723167,orchid,0,1.5903557007706135,0.9500662180347976
833,RICHARDS,2017-04-26,2,20.228034788499087,lilac,0,-0.2832668112963581,0.35636911193287196
834,ROBINSON,2017-03-31,5,39.47485750760097,lilac,0,1.4337826980082682,0.9004527350439557
835,PETERS,2017-04-13,4,41.591896918050104,orchid,0,1.6226482335796302,0.9602987932488222
836,ORTIZ,2017-08-20,3,18.74994987030621,carnation,0,-0.4151298736071475,0.3145854986428672
837,MEDINA,2017-04-13,3,20.678795731356782,daffodil,0,-0.24305348013810177,0.3691115604152169
838,CARTER,2017-01-17,3,20.971018470505108,jasmine,0,-0.21698367536121754,0.37737233202368975
839,ROBINSON,2017-05-22,3,19.842899871134946,lilac,0,-0.31762550678222967,0.3454818291701902
840,FOX,2017-05-06,3,39.81967443544397,gerbera,0,1.464544540905337,0.9102002786333013
841,CALDWELL,2017-08-26,4,41.402610837924705,carnation,0,1.6057616245148028,0.9549479123381298
842,CAMPBELL,2017-07-31,4,40.62565236668826,sunflower,0,1.5364475262214472,0.9329842674183048
843,OLIVER,2017-04-22,1,40.0522956897804,jasmine,0,1.4852971719469157,0.9167761907575604
844,MARTINEZ,2017-01-20,3,10.330867731776909,gardenia,0,-1.166213887095252,0.07658856896498104
845,JACOBS,2017-04-29,2,9.011652327345224,carnation,0,-1.283903866158572,0.039295998269934
846,CHAVEZ,2017-07-23,1,11.936970125033513,lilac,0,-1.0229301167565121,0.1219910762756117
847,MURPHY,2017-02-07,4,19.85892445990084,iris,0,-0.3161959195366434,0.34593482426667227
848,CALDWELL,2017-05-11,5,18.999832251596548,carnation,0,-0.39283734114917374,0.3216493612527275
849,ADAMS,2017-04-06,1,38.168774468021326,orchid,0,1.3172642848160685,0.8635313998901194
850,WILLIS,2017-06-24,1,40.03416164948844,tulip,0,1.4836793960968726,0.9162635641028815
851,ROBINSON,2017-07-06,5,9.929692332057037,lilac,0,-1.2020035877272657,0.06524784181389673
852,LYNCH,2017-03-04,1,40.852569188121706,daisy,0,1.556691252813711,0.9393989223539388
853,JENKINS,2017-07-26,5,40.66993545926489,carnation,0,1.5403981139880056,0.9342360950993353
854,HORTON,2017-08-15,4,20.87756715782629,tulip,0,-0.22532066338884574,0.3747305802120354
855,MORALES,2017-05-22,3,22.50786890735601,jasmine,0,-0.07987801761281088,0.4208171730795494
856,CARTER,2017-05-16,2,39.7166143379069,jasmine,0,1.45535033298398,0.9072868984830024
857,CARTER,2017-03-07,4,17.786382319913603,jasmine,0,-0.5010917600821266,0.28734664828396783
858,BROOKS,2017-08-26,4,20.342004748176826,rose,0,-0.27309931164219897,0.3595909002504703
859,SIMMONS,2017-07-12,2,20.34113168228168,rose,0,-0.2731771996857857,0.359566219768794
860,HILL,2017-06-19,3,19.86838244847048,daffodil,0,-0.3153521524967781,0.34620218978270656
861,BOYD,2017-05-24,5,20.5289554441759,lilac,0,-0.25642104710398095,0.3648757627707326
862,CALDWELL,2017-07-09,5,11.791313105652318,carnation,0,-1.0359244856092495,0.11787353438347233
863,ROBINSON,2017-02-09,3,9.77133181995649,lilac,0,-1.2161312618667282,0.06077118805972256
864,RODRIQUEZ,2017-04-10,4,20.46521418331669,carnation,0,-0.2621075389617847,0.3630738769916565
865,CARROLL,2017-03-11,3,40.31725486125164,tulip,0,1.5089347365465486,0.9242662553824873
866,GEORGE,2017-06-30,4,40.12790823169596,carnation,0,1.4920427257397781,0.9189136628150771
867,THOMAS,2017-02-21,4,20.385228443931926,rose,0,-0.269243234892816,0.3608127801074165
868,BENNETT,2017-08-17,3,38.568973003397716,rose,0,1.3529668373267474,0.8748445123071229
869,DANIELS,2017-01-11,3,39.42281586055788,rose,0,1.429139953290198,0.898981582724993
870,WATKINS,2017-07-30,4,19.404749591432513,sunflower,0,-0.35671381417429016,0.33309586837412386
871,TURNER,2017-06-07,1,20.352756665171928,iris,0,-0.27214011052781456,0.3598948435059084
872,BROWN,2017-02-20,5,19.221151509061727,daffodil,0,-0.3730929850039334,0.3279057800509533
873,ORTIZ,2017-05-08,3,20.109926026891774,carnation,0,-0.2938035421699242,0.3530303248575022
874,ROBINSON,2017-02-02,5,19.27580395566407,lilac,0,-0.36821732536959195,0.32945073641041395
875,FIELDS,2017-07-16,4,39.0963640868919,lilac,0,1.400016504398632,0.889753199091005
876,MILLS,2017-08-08,4,40.32115637537617,rose,0,1.5092827988221167,0.9243765463105783
877,KENNEDY,2017-04-20,1,40.95199412204987,gerbera,0,1.565561160148835,0.9422095409723317
878,GEORGE,2017-04-04,5,21.406683121424926,carnation,0,-0.17811711613735037,0.38968802720067225
879,ROBINSON,2017-05-30,5,11.284013640099989,lilac,0,-1.0811817372143484,0.10353281252780247
880,ROBINSON,2017-03-24,5,20.944070687644814,lilac,0,-0.21938774371122072,0.37661055188223874
881,ROBINSON,2017-04-14,5,9.119829336500043,lilac,0,-1.274253167796656,0.04235402711642306
882,MILES,2017-08-07,3,39.844978615176245,daisy,0,1.466801979965631,0.9109155961685392
883,KELLEY,2017-02-05,2,21.50709415123278,daffodil,0,-0.1691592371161425,0.39252652151713685
884,ROBINSON,2017-07-22,2,9.831012341201577,lilac,0,-1.2108070371250923,0.062458281805120745
885,DANIELS,2017-01-10,1,40.906472281096356,rose,0,1.5615000610358736,0.9409226954229054
886,ORTIZ,2017-04-05,4,39.522170642965605,carnation,0,1.4380036022607336,0.9017902182475801
887,CASTRO,2017-04-25,2,22.05551046294401,gardenia,0,-0.12023386524248506,0.40802956522486145
888,ROBINSON,2017-05-09,4,20.645287348245045,lilac,0,-0.2460428334261381,0.3681643203042591
889,TURNER,2017-07-03,3,9.213122540103619,iris,0,-1.2659302850119565,0.044991309382128995
890,ROBINSON,2017-08-03,5,37.594192589335044,lilac,0,1.2660046277156551,0.8472886883063868
891,ROBINSON,2017-07-06,5,9.1587877293842,lilac,0,-1.2707776076815493,0.043455332192089385
892,STEWART,2017-06-25,4,8.415699072798404,tulip,0,-1.3370701086195957,0.022449144601101194
893,WOODS,2017-04-28,3,9.959633292744043,sunflower,0,-1.1993324916920376,0.06609423535156073
894,RAMOS,2017-04-21,5,20.476500313332267,orchid,0,-0.2611006795809913,0.3633929217815108
895,ROBINSON,2017-06-19,4,21.127727668490373,lilac,0,-0.20300331842484542,0.38180230519167835
896,GILBERT,2017-02-03,4,19.80054071582401,tulip,0,-0.3214044560614277,0.34428438879107626
897,MITCHELL,2017-03-14,3,38.02301399048221,lilac,0,1.3042606862436066,0.8594109333651603
898,ROBINSON,2017-04-05,5,18.907793087453133,lilac,0,-0.4010483484377904,0.31904752911523054
899,HILL,2017-02-22,5,19.541489046423813,daffodil,0,-0.3445149999844357,0.33696132186635475
900,ROBINSON,2017-07-25,2,19.17132486633215,lilac,0,-0.3775381245315193,0.326497243135566
901,JACOBS,2017-05-12,1,17.517154304501137,carnation,0,-0.5251101572223589,0.2797359087761299
902,BREWER,2017-01-20,3,10.347448760387376,carnation,0,-1.1647346586815612,0.07705729392041683
903,GUTIERREZ,2017-07-31,4,18.216374594331594,gerbera,0,-0.4627312454886487,0.29950199246672093
904,FORD,2017-08-13,5,9.079387287148071,carnation,0,-1.2778610880237258,0.041210780926722354
905,DEAN,2017-08-09,2,10.411476799105056,daffodil,0,-1.1590225827682303,0.07886728655112973
906,BELL,2017-07-29,5,20.179408461654283,gardenia,0,-0.28760486812094205,0.3549945064473625
907,GORDON,2017-05-07,5,10.932012733652728,rose,0,-1.1125844779425726,0.09358218684202964
908,FIELDS,2017-08-07,2,19.68092943188313,lilac,0,-0.33207523011049467,0.3409031272872264
909,MORRIS,2017-02-08,3,19.60634579996645,rose,0,-0.33872899267971024,0.3387947412294208
910,FREEMAN,2017-06-30,3,17.666528893591625,gerbera,0,-0.5117841361619658,0.2839585417176399
911,DAVIDSON,2017-04-07,5,10.869174747254878,sunflower,0,-1.1181903867871028,0.09180583550304132
912,GARZA,2017-05-30,4,42.4384924081324,daffodil,0,1.6981747966929597,0.9842309896573403
913,ROBINSON,2017-02-17,5,20.15215371192237,lilac,0,-0.29003632163077026,0.3542240487361057
914,BURKE,2017-01-04,4,22.570804240011665,daffodil,0,-0.07426342430401155,0.4225962762755801
915,BENNETT,2017-07-03,4,9.907309751191994,rose,0,-1.2040003848117606,0.06461511422714843
916,GIBSON,2017-04-17,3,9.855447962064236,sunflower,0,-1.208627084027164,0.06314904626666118
917,TORRES,2017-03-05,1,19.94021136869384,daffodil,0,-0.30894414354779987,0.3482327035838492
918,HARVEY,2017-07-23,1,20.55138633168356,tulip,0,-0.2544199404823633,0.3655098559258928
919,ROBINSON,2017-06-23,5,20.343207104080665,lilac,0,-0.27299204694480833,0.3596248893491375
920,RICHARDSON,2017-05-22,4,19.02319724993309,jasmine,0,-0.39075290053712153,0.32230986055354527
921,BRYANT,2017-06-10,3,39.81985502023756,tulip,0,1.464560651254341,0.9102053835397167
922,LYNCH,2017-06-03,1,38.49217641979568,daisy,0,1.3461156526863198,0.8726735688709745
923,HOFFMAN,2017-06-06,2,21.260222939525885,sunflower,0,-0.1911831368064569,0.3855477809079659
924,RODRIGUEZ,2017-01-31,2,41.076332989820145,lilac,0,1.5766536918881418,0.9457244453623868
925,HAWKINS,2017-03-06,5,20.055466276117343,lilac,0,-0.29866201100443385,0.35149081576826063
926,CARROLL,2017-06-20,5,18.906563474805647,tulip,0,-0.4011580447665722,0.31901276950248664
927,FORD,2017-03-09,5,19.592450143219907,carnation,0,-0.33996865342508825,0.33840192838033356
928,DANIELS,2017-08-14,4,20.229156443408364,rose,0,-0.28316674610431625,0.356400819715285
929,ROBINSON,2017-07-20,4,38.23341596221634,lilac,0,1.323031088381943,0.8653587341404647
930,PEARSON,2017-07-27,5,19.96223906115599,jasmine,0,-0.3069790068036603,0.3488553989189961
931,ROBINSON,2017-06-01,5,38.208172213268526,lilac,0,1.3207790404789488,0.8646451249079755
932,ROBINSON,2017-06-15,5,12.384366497299002,lilac,0,-0.9830169460127139,0.13463841255243908
933,DANIELS,2017-03-22,4,39.874461191780206,rose,0,1.469432182593342,0.9117490317610754
934,THOMPSON,2017-02-04,5,19.60579132120144,tulip,0,-0.33877845889578534,0.33877906680773534
935,ROBINSON,2017-08-17,5,19.90042549141404,lilac,0,-0.31249352528511576,0.34710800655852864
936,CARTER,2017-03-16,4,18.934328896854577,jasmine,0,-0.3986810331059704,0.3197976632818945
937,SIMS,2017-02-04,5,11.122303559950225,orchid,0,-1.0956082333598751,0.09896147067125044
938,KING,2017-01-13,3,19.09450578081034,rose,0,-0.38439131661550635,0.3243256635982689
939,DANIELS,2017-04-01,3,19.284265730230025,rose,0,-0.3674624326749188,0.3296899402016571
940,ROBINSON,2017-03-25,1,19.10241774077707,lilac,0,-0.383685474036875,0.32454932481796395
941,HARRISON,2017-05-03,4,40.39318714689315,orchid,0,1.515708815349266,0.9264127661955128
942,ROBINSON,2017-07-11,5,18.840577745831663,lilac,0,-0.40704477034250014,0.31714743541499796
943,SULLIVAN,2017-05-07,2,18.953857571629538,daffodil,0,-0.3969388389823431,0.32034971451035904
944,DANIELS,2017-03-20,3,10.656884403162083,rose,0,-1.13712925459269,0.0858046528012922
945,PORTER,2017-02-20,3,20.50950152749321,orchid,0,-0.2581565719010641,0.36432582486010207
946,ROBINSON,2017-04-27,5,11.881438751573794,lilac,0,-1.0278841873031999,0.12042127375239772
947,FOWLER,2017-07-08,4,40.90064971255902,daisy,0,1.5609806174583112,0.940758098687546
948,ROBINSON,2017-02-18,5,19.192882808262397,lilac,0,-0.37561489521969055,0.32710665921028187
949,MARSHALL,2017-08-01,4,20.04431521351305,carnation,0,-0.2996568207375711,0.35117558916531266
950,ROBINSON,2017-03-21,5,37.77607159120435,lilac,0,1.2822304357604584,0.8524301803723301
951,WEST,2017-06-29,4,20.67512551800879,carnation,0,-0.24338090758522826,0.3690078080709932
952,ROBINSON,2017-03-13,5,12.585851703727851,lilac,0,-0.9650420272492424,0.14033414751695836
953,DANIELS,2017-04-23,2,21.18621728902396,rose,0,-0.1977853364388141,0.38345573366237984
954,COOPER,2017-02-23,3,40.432533076479935,lilac,0,1.5192189484281702,0.9275250264494095
955,WATSON,2017-05-12,2,39.12517049330079,iris,0,1.4025863844620112,0.8905675201972209
956,GRAVES,2017-03-06,3,9.662409127048587,gerbera,0,-1.2258484842435953,0.0576920796655079
957,MEDINA,2017-05-27,3,40.695351531883404,daffodil,0,1.5426655352478666,0.9349545757066207
958,ROBINSON,2017-03-14,3,11.077891864027347,lilac,0,-1.099570294101261,0.09770600753435325
959,LYNCH,2017-05-19,2,40.33327101435414,daisy,0,1.5103635712288723,0.9247190120133083
960,RICHARDS,2017-06-23,3,19.76766149226172,lilac,0,-0.3243376807036392,0.34335493423424207
961,SULLIVAN,2017-09-01,4,19.389959477687434,daffodil,0,-0.35803327130854967,0.33267777034360263
962,HARPER,2017-01-28,2,12.062236993098367,tulip,0,-1.0117547961603799,0.12553221407415657
963,ROBINSON,2017-04-18,5,19.621981304469585,lilac,0,-0.33733411645901373,0.33923673740008187
964,MORALES,2017-08-21,3,21.975606017121812,jasmine,0,-0.12736230880393046,0.40577076640803245
965,CALDWELL,2017-05-09,4,20.246235399422353,carnation,0,-0.28164309654037284,0.3568836204560963
966,ANDREWS,2017-08-03,1,38.76989168162747,orchid,0,1.3708912149188028,0.8805242322275149
967,LAWRENCE,2017-06-30,4,19.336133237443434,daffodil,0,-0.36283522333707574,0.3311561698052791
968,OLIVER,2017-03-17,3,18.619660011331593,jasmine,0,-0.4267533057800695,0.31090236716916236
969,ROBINSON,2017-05-11,5,19.626536463788877,lilac,0,-0.3369277411217363,0.3393655060608868
970,THOMPSON,2017-02-14,2,20.38943184223885,tulip,0,-0.2688682408948117,0.3609316049240414
971,HORTON,2017-04-06,3,20.01432831041401,tulip,0,-0.30233201539194204,0.3503278968930805
972,BURKE,2017-06-27,3,40.59433625805717,daffodil,0,1.5336537503477299,0.9320990001669557
973,DIXON,2017-08-04,5,19.80677700746664,gerbera,0,-0.32084810337604497,0.344460680961541
974,DUNN,2017-08-27,5,,daffodil,1,,
975,HUDSON,2017-03-15,3,18.730219683853036,gardenia,0,-0.41689004501114174,0.31402775093111396
976,ROBINSON,2017-02-17,5,9.951787085469396,lilac,0,-1.2000324683348038,0.06587243287829156
977,BURKE,2017-05-14,5,40.04820617697673,daffodil,0,1.48493233791403,0.9166605853417755
978,DIXON,2017-04-11,2,,gerbera,1,,
979,HUNTER,2017-04-04,3,18.906390494610573,rose,0,-0.40117347669335857,0.3190078795685668
980,ARNOLD,2017-02-02,3,19.194089637926368,gerbera,0,-0.37550723140875514,0.32714077477655656
981,FULLER,2017-07-20,4,19.936230790758934,lilac,0,-0.30929925927207463,0.3481201776206547
982,JOHNSTON,2017-04-28,5,21.069939015345554,orchid,0,-0.20815876563677446,0.3801686921929709
983,CHAMBERS,2017-04-04,2,19.785218862908245,gerbera,0,-0.32277135076475666,0.3438512591587806
984,DUNCAN,2017-06-13,5,41.071674174874495,daffodil,0,1.5762380692145652,0.9455927464865761
985,CAMPBELL,2017-05-12,5,8.895944327034055,sunflower,0,-1.2942264200707942,0.03602507771587503
986,FORD,2017-05-12,5,9.843700496225788,carnation,0,-1.2096751001463888,0.06281696008968335
987,ROBINSON,2017-02-18,5,10.505496169015274,lilac,0,-1.150634917161,0.08152509663074371
988,ROBINSON,2017-04-17,3,37.985508694726406,lilac,0,1.3009147599775575,0.8583507055291955
989,HENRY,2017-07-23,5,19.396951814169483,iris,0,-0.35740947027392594,0.33287543495675403
990,ROBINSON,2017-07-04,2,21.52011673447048,lilac,0,-0.16799746509358532,0.3928946536693181
991,ROBINSON,2017-05-28,2,19.509139453227643,lilac,0,-0.3474009751884656,0.33604683929802553
992,FOSTER,2017-01-07,1,41.369445678085505,daffodil,0,1.6028028908963239,0.9540103747201175
993,ROBINSON,2017-09-03,5,9.978087811908964,lilac,0,-1.1976861252481292,0.0666159215434358
994,JAMES,2017-03-29,4,10.123750909091447,daisy,0,-1.184691214181964,0.07073363524742142
995,JOHNSTON,2017-05-13,4,10.306364207445409,orchid,0,-1.1683998980043608,0.07589588495724392
996,CRUZ,2017-05-28,2,11.596361222221107,lilac,0,-1.0533165528958335,0.11236248829458663
997,RAMOS,2017-08-11,3,20.227197700305585,orchid,0,-0.2833414896935604,0.35634544849585525
998,RAMOS,2017-03-04,1,19.437730644632413,orchid,0,-0.3537715050960736,0.33402820152754414
999,ROBINSON,2017-01-03,2,40.52624246246198,lilac,0,1.5275789597176188,0.9301740736707996
